afonso_i_of_portugal	afonso_i_of_portugal
afonso_i_of_portugal	maud_of_savoy
sancho_i_of_portugal	sancho_i_of_portugal
sancho_i_of_portugal	dulce_of_aragon
alan_spaulding	alan_spaulding
alan_spaulding	phillip_spaulding
alan_spaulding	harley_cooper
alan_spaulding	olivia_spencer
alan_spaulding	doris_wolfe
phillip_spaulding	alan_spaulding
phillip_spaulding	phillip_spaulding
phillip_spaulding	harley_cooper
phillip_spaulding	olivia_spencer
phillip_spaulding	doris_wolfe
albert_ii_of_belgium	albert_ii_of_belgium
albert_ii_of_belgium	queen_paola_of_belgium
anna_lee	anna_lee
anna_lee	robert_nathan
anna_lee	robert_stevenson_director
anna_rice_cooke	anna_rice_cooke
anna_rice_cooke	charles_montague_cooke
archduchess_anna_of_austria	archduchess_anna_of_austria
archduchess_anna_of_austria	albert_v_duke_of_bavaria
archduchess_elisabeth_franziska_of_austria	archduchess_elisabeth_franziska_of_austria
archduchess_elisabeth_franziska_of_austria	archduke_ferdinand_karl_viktor_of_austriaeste
archduchess_maria_amalia_of_austria	archduchess_maria_amalia_of_austria
archduchess_maria_amalia_of_austria	ferdinand_duke_of_parma
atia_balba_caesonia	atia_balba_caesonia
atia_balba_caesonia	gaius_octavius
bianca_maria_visconti	bianca_maria_visconti
bianca_maria_visconti	francesco_i_sforza
bo_buchanan	bo_buchanan
bo_buchanan	nora_hanen
buddha_loetla_nabhalai	buddha_loetla_nabhalai
buddha_loetla_nabhalai	sri_sulalai
catherine_de_medici	catherine_de_medici
catherine_de_medici	henry_ii_of_france
elisabeth_of_valois	elisabeth_of_valois
elisabeth_of_valois	philip_ii_of_spain
charles_montague_cooke	anna_rice_cooke
charles_montague_cooke	charles_montague_cooke
charles_tupper	charles_tupper
charles_tupper	frances_tupper
christian_ix_of_denmark	christian_ix_of_denmark
christian_ix_of_denmark	louise_of_hessekassel
frederick_viii_of_denmark	frederick_viii_of_denmark
frederick_viii_of_denmark	louise_of_sweden
prince_valdemar_of_denmark	prince_valdemar_of_denmark
prince_valdemar_of_denmark	princess_marie_of_orléans_18651909
princess_thyra_of_denmark	princess_thyra_of_denmark
princess_thyra_of_denmark	ernest_augustus_crown_prince_of_hanover
cosimo_ii_de_medici	cosimo_ii_de_medici
cosimo_ii_de_medici	lt_Grand_Duke_of_TuscanyArchduchess_Maria_Maddalena_of_Austriagt
countess_palatine_caroline_of_zweibrücken	countess_palatine_caroline_of_zweibrücken
countess_palatine_caroline_of_zweibrücken	louis_ix_landgrave_of_hessedarmstadt
duchess_charlotte_georgine_of_mecklenburgstrelitz	duchess_charlotte_georgine_of_mecklenburgstrelitz
duchess_charlotte_georgine_of_mecklenburgstrelitz	frederick_duke_of_saxealtenburg
eleanor_of_sicily	eleanor_of_sicily
eleanor_of_sicily	peter_iv_of_aragon
eleanor_of_sicily	eleanor_of_portugal_queen_of_aragon
eleanor_of_sicily	maria_of_navarre
eleanor_of_sicily	sibila_of_fortia
elena_glinskaya	elena_glinskaya
elena_glinskaya	vasili_iii_of_russia
erica_kane	erica_kane
erica_kane	dimitri_marick
erica_kane	jackson_montgomery
ferdinand	ferdinand
ferdinand	lt_Duke_of_ParmaArchduchess_Maria_Amalia_of_Austriagt
ferdinand_ii_of_the_two_sicilies	ferdinand_ii_of_the_two_sicilies
ferdinand_ii_of_the_two_sicilies	maria_christina_of_savoy
princess_maria_pia_of_bourbontwo_sicilies_18491882	princess_maria_pia_of_bourbontwo_sicilies_18491882
princess_maria_pia_of_bourbontwo_sicilies_18491882	robert_i_duke_of_parma
frederick	frederick
frederick	lt_Duke_of_SaxeAltenburgDuchess_Charlotte_Georgine_of_MecklenburgStrelitzgt
frederick_william_iii_of_prussia	frederick_william_iii_of_prussia
frederick_william_iii_of_prussia	louise_of_mecklenburgstrelitz
frederick_william_iii_of_prussia	auguste_von_harrach
frederik	frederik
frederik	lt_Crown_Prince_of_DenmarkMary_Crown_Princess_of_Denmarkgt
gertrude_of_merania	gertrude_of_merania
gertrude_of_merania	andrew_ii_of_hungary
grand_duchess_xenia_alexandrovna_of_russia	grand_duchess_xenia_alexandrovna_of_russia
grand_duchess_xenia_alexandrovna_of_russia	grand_duke_alexander_mikhailovich_of_russia
henry_howard	henry_howard
henry_howard	lt_7th_Duke_of_NorfolkMary_Howard_Duchess_of_Norfolk_d_1705gt
henry_i	henry_i
henry_i	lt_Duke_of_BrabantMathilde_of_Flandersgt
henry_ii	henry_ii
henry_ii	lt_Duke_of_BrabantMarie_of_Hohenstaufengt
henry_ii	lt_Duke_of_BrabantSophie_of_Thuringia_Duchess_of_Brabantgt
henry_ii	lt_Duke_of_LorraineCatherine_de_Bourbongt
henry_ii	lt_Duke_of_LorraineMargerita_Gonzagagt
henry_plantagenet	henry_plantagenet
henry_plantagenet	lt_3rd_Earl_of_LancasterMaud_Chaworthgt
hermann_einstein	hermann_einstein
hermann_einstein	pauline_koch
isabella_deste_16351666	isabella_deste_16351666
isabella_deste_16351666	ranuccio_ii_farnese_duke_of_parma
joanna_of_castile	joanna_of_castile
joanna_of_castile	philip_i_of_castile
john_george_i	john_george_i
john_george_i	lt_Elector_of_SaxonyMagdalene_Sibylle_of_Prussiagt
john_of_saxony	john_of_saxony
john_of_saxony	amalie_auguste_of_bavaria
josephine_wayne	josephine_wayne
josephine_wayne	john_wayne
joséphine_de_beauharnais	joséphine_de_beauharnais
joséphine_de_beauharnais	alexandre_de_beauharnais
joséphine_de_beauharnais	napoleon_i
kim_timmins	kim_timmins
kim_timmins	janelle_timmins
ljubica_vukomanović	ljubica_vukomanović
ljubica_vukomanović	miloš_obrenović_i_prince_of_serbia
louis_ix_of_france	louis_ix_of_france
louis_ix_of_france	margaret_of_provence
louise_of_mecklenburgstrelitz	frederick_william_iii_of_prussia
louise_of_mecklenburgstrelitz	louise_of_mecklenburgstrelitz
louise_of_mecklenburgstrelitz	auguste_von_harrach
marcus_aurelius	marcus_aurelius
marcus_aurelius	faustina_the_younger
margrethe_ii_of_denmark	margrethe_ii_of_denmark
margrethe_ii_of_denmark	henrik_prince_consort_of_denmark
prince_joachim_of_denmark	prince_joachim_of_denmark
prince_joachim_of_denmark	alexandra_countess_of_frederiksborg
prince_joachim_of_denmark	princess_marie_of_denmark
maria_christina_of_the_two_sicilies	maria_christina_of_the_two_sicilies
maria_christina_of_the_two_sicilies	agustín_fernández_muñoz_duke_of_riansares
maria_christina_of_the_two_sicilies	ferdinand_vii_of_spain
maria_luisa_of_spain	maria_luisa_of_spain
maria_luisa_of_spain	lt_Duchess_of_LuccaLouis_of_Etruriagt
maria_von_trapp	maria_von_trapp
maria_von_trapp	georg_ludwig_von_trapp
marie_antoinette_murat	marie_antoinette_murat
marie_antoinette_murat	charles_prince_of_hohenzollernsigmaringen
matilde_of_bavaria	matilde_of_bavaria
matilde_of_bavaria	frederick_ii_margrave_of_meissen
maud_of_savoy	afonso_i_of_portugal
maud_of_savoy	maud_of_savoy
peter_i_of_portugal	peter_i_of_portugal
peter_i_of_portugal	constance_of_peñafiel
peter_iv_of_aragon	eleanor_of_sicily
peter_iv_of_aragon	peter_iv_of_aragon
peter_iv_of_aragon	eleanor_of_portugal_queen_of_aragon
peter_iv_of_aragon	maria_of_navarre
peter_iv_of_aragon	sibila_of_fortia
peter_jefferson	peter_jefferson
peter_jefferson	jane_randolph_jefferson
philip_i_of_castile	joanna_of_castile
philip_i_of_castile	philip_i_of_castile
harley_cooper	alan_spaulding
harley_cooper	phillip_spaulding
harley_cooper	harley_cooper
harley_cooper	olivia_spencer
harley_cooper	doris_wolfe
olivia_spencer	alan_spaulding
olivia_spencer	phillip_spaulding
olivia_spencer	harley_cooper
olivia_spencer	olivia_spencer
olivia_spencer	doris_wolfe
pierre_trudeau	pierre_trudeau
pierre_trudeau	margaret_trudeau
prince_axel_of_denmark	prince_axel_of_denmark
prince_axel_of_denmark	princess_margaretha_of_sweden
prince_ferdinand	prince_ferdinand
prince_ferdinand	lt_Duke_of_CastroChantal_de_ChevronVillettegt
prince_mikasa	prince_mikasa
prince_mikasa	princess_mikasa
princess_beatrice_of_the_united_kingdom	princess_beatrice_of_the_united_kingdom
princess_beatrice_of_the_united_kingdom	prince_henry_of_battenberg
princess_maria_ludwiga_theresia_of_bavaria	princess_maria_ludwiga_theresia_of_bavaria
princess_maria_ludwiga_theresia_of_bavaria	prince_ferdinand_pius_duke_of_calabria
princess_maria_theresa_of_löwensteinwertheimrosenberg	princess_maria_theresa_of_löwensteinwertheimrosenberg
princess_maria_theresa_of_löwensteinwertheimrosenberg	miguel_duke_of_braganza
princess_marie_of_hohenzollernsigmaringen	princess_marie_of_hohenzollernsigmaringen
princess_marie_of_hohenzollernsigmaringen	prince_philippe_count_of_flanders
robert_i	robert_i
robert_i	lt_Duke_of_ParmaPrincess_Maria_Pia_of_BourbonTwo_Sicilies_18491882gt
saovabha_bongsri	saovabha_bongsri
saovabha_bongsri	chulalongkorn
seqenenre_tao_ii	seqenenre_tao_ii
seqenenre_tao_ii	ahhotep_i
seqenenre_tao_ii	sitdjehuti
sharmila_tagore	sharmila_tagore
sharmila_tagore	mansoor_ali_khan_pataudi
stephen_king	stephen_king
stephen_king	tabitha_king
victoria_lord	victoria_lord
victoria_lord	clint_buchanan
victoria_of_the_united_kingdom	victoria_of_the_united_kingdom
victoria_of_the_united_kingdom	albert_prince_consort
doris_wolfe	alan_spaulding
doris_wolfe	phillip_spaulding
doris_wolfe	harley_cooper
doris_wolfe	olivia_spencer
doris_wolfe	doris_wolfe
queen_paola_of_belgium	albert_ii_of_belgium
queen_paola_of_belgium	queen_paola_of_belgium
robert_nathan	anna_lee
robert_nathan	robert_nathan
robert_nathan	robert_stevenson_director
robert_stevenson_director	anna_lee
robert_stevenson_director	robert_nathan
robert_stevenson_director	robert_stevenson_director
albert_v_duke_of_bavaria	archduchess_anna_of_austria
albert_v_duke_of_bavaria	albert_v_duke_of_bavaria
archduke_ferdinand_karl_viktor_of_austriaeste	archduchess_elisabeth_franziska_of_austria
archduke_ferdinand_karl_viktor_of_austriaeste	archduke_ferdinand_karl_viktor_of_austriaeste
ferdinand_duke_of_parma	archduchess_maria_amalia_of_austria
ferdinand_duke_of_parma	ferdinand_duke_of_parma
gaius_octavius	atia_balba_caesonia
gaius_octavius	gaius_octavius
francesco_i_sforza	bianca_maria_visconti
francesco_i_sforza	francesco_i_sforza
nora_hanen	bo_buchanan
nora_hanen	nora_hanen
sri_sulalai	buddha_loetla_nabhalai
sri_sulalai	sri_sulalai
henry_ii_of_france	catherine_de_medici
henry_ii_of_france	henry_ii_of_france
frances_tupper	charles_tupper
frances_tupper	frances_tupper
louise_of_hessekassel	christian_ix_of_denmark
louise_of_hessekassel	louise_of_hessekassel
lt_Grand_Duke_of_TuscanyArchduchess_Maria_Maddalena_of_Austriagt	cosimo_ii_de_medici
lt_Grand_Duke_of_TuscanyArchduchess_Maria_Maddalena_of_Austriagt	lt_Grand_Duke_of_TuscanyArchduchess_Maria_Maddalena_of_Austriagt
louis_ix_landgrave_of_hessedarmstadt	countess_palatine_caroline_of_zweibrücken
louis_ix_landgrave_of_hessedarmstadt	louis_ix_landgrave_of_hessedarmstadt
frederick_duke_of_saxealtenburg	duchess_charlotte_georgine_of_mecklenburgstrelitz
frederick_duke_of_saxealtenburg	frederick_duke_of_saxealtenburg
vasili_iii_of_russia	elena_glinskaya
vasili_iii_of_russia	vasili_iii_of_russia
philip_ii_of_spain	elisabeth_of_valois
philip_ii_of_spain	philip_ii_of_spain
dimitri_marick	erica_kane
dimitri_marick	dimitri_marick
dimitri_marick	jackson_montgomery
jackson_montgomery	erica_kane
jackson_montgomery	dimitri_marick
jackson_montgomery	jackson_montgomery
lt_Duke_of_ParmaArchduchess_Maria_Amalia_of_Austriagt	ferdinand
lt_Duke_of_ParmaArchduchess_Maria_Amalia_of_Austriagt	lt_Duke_of_ParmaArchduchess_Maria_Amalia_of_Austriagt
maria_christina_of_savoy	ferdinand_ii_of_the_two_sicilies
maria_christina_of_savoy	maria_christina_of_savoy
lt_Duke_of_SaxeAltenburgDuchess_Charlotte_Georgine_of_MecklenburgStrelitzgt	frederick
lt_Duke_of_SaxeAltenburgDuchess_Charlotte_Georgine_of_MecklenburgStrelitzgt	lt_Duke_of_SaxeAltenburgDuchess_Charlotte_Georgine_of_MecklenburgStrelitzgt
louise_of_sweden	frederick_viii_of_denmark
louise_of_sweden	louise_of_sweden
auguste_von_harrach	frederick_william_iii_of_prussia
auguste_von_harrach	louise_of_mecklenburgstrelitz
auguste_von_harrach	auguste_von_harrach
lt_Crown_Prince_of_DenmarkMary_Crown_Princess_of_Denmarkgt	frederik
lt_Crown_Prince_of_DenmarkMary_Crown_Princess_of_Denmarkgt	lt_Crown_Prince_of_DenmarkMary_Crown_Princess_of_Denmarkgt
andrew_ii_of_hungary	gertrude_of_merania
andrew_ii_of_hungary	andrew_ii_of_hungary
grand_duke_alexander_mikhailovich_of_russia	grand_duchess_xenia_alexandrovna_of_russia
grand_duke_alexander_mikhailovich_of_russia	grand_duke_alexander_mikhailovich_of_russia
lt_7th_Duke_of_NorfolkMary_Howard_Duchess_of_Norfolk_d_1705gt	henry_howard
lt_7th_Duke_of_NorfolkMary_Howard_Duchess_of_Norfolk_d_1705gt	lt_7th_Duke_of_NorfolkMary_Howard_Duchess_of_Norfolk_d_1705gt
lt_Duke_of_BrabantMathilde_of_Flandersgt	henry_i
lt_Duke_of_BrabantMathilde_of_Flandersgt	lt_Duke_of_BrabantMathilde_of_Flandersgt
lt_Duke_of_BrabantMarie_of_Hohenstaufengt	henry_ii
lt_Duke_of_BrabantMarie_of_Hohenstaufengt	lt_Duke_of_BrabantMarie_of_Hohenstaufengt
lt_Duke_of_BrabantMarie_of_Hohenstaufengt	lt_Duke_of_BrabantSophie_of_Thuringia_Duchess_of_Brabantgt
lt_Duke_of_BrabantMarie_of_Hohenstaufengt	lt_Duke_of_LorraineCatherine_de_Bourbongt
lt_Duke_of_BrabantMarie_of_Hohenstaufengt	lt_Duke_of_LorraineMargerita_Gonzagagt
lt_Duke_of_BrabantSophie_of_Thuringia_Duchess_of_Brabantgt	henry_ii
lt_Duke_of_BrabantSophie_of_Thuringia_Duchess_of_Brabantgt	lt_Duke_of_BrabantMarie_of_Hohenstaufengt
lt_Duke_of_BrabantSophie_of_Thuringia_Duchess_of_Brabantgt	lt_Duke_of_BrabantSophie_of_Thuringia_Duchess_of_Brabantgt
lt_Duke_of_BrabantSophie_of_Thuringia_Duchess_of_Brabantgt	lt_Duke_of_LorraineCatherine_de_Bourbongt
lt_Duke_of_BrabantSophie_of_Thuringia_Duchess_of_Brabantgt	lt_Duke_of_LorraineMargerita_Gonzagagt
lt_Duke_of_LorraineCatherine_de_Bourbongt	henry_ii
lt_Duke_of_LorraineCatherine_de_Bourbongt	lt_Duke_of_BrabantMarie_of_Hohenstaufengt
lt_Duke_of_LorraineCatherine_de_Bourbongt	lt_Duke_of_BrabantSophie_of_Thuringia_Duchess_of_Brabantgt
lt_Duke_of_LorraineCatherine_de_Bourbongt	lt_Duke_of_LorraineCatherine_de_Bourbongt
lt_Duke_of_LorraineCatherine_de_Bourbongt	lt_Duke_of_LorraineMargerita_Gonzagagt
lt_Duke_of_LorraineMargerita_Gonzagagt	henry_ii
lt_Duke_of_LorraineMargerita_Gonzagagt	lt_Duke_of_BrabantMarie_of_Hohenstaufengt
lt_Duke_of_LorraineMargerita_Gonzagagt	lt_Duke_of_BrabantSophie_of_Thuringia_Duchess_of_Brabantgt
lt_Duke_of_LorraineMargerita_Gonzagagt	lt_Duke_of_LorraineCatherine_de_Bourbongt
lt_Duke_of_LorraineMargerita_Gonzagagt	lt_Duke_of_LorraineMargerita_Gonzagagt
lt_3rd_Earl_of_LancasterMaud_Chaworthgt	henry_plantagenet
lt_3rd_Earl_of_LancasterMaud_Chaworthgt	lt_3rd_Earl_of_LancasterMaud_Chaworthgt
pauline_koch	hermann_einstein
pauline_koch	pauline_koch
ranuccio_ii_farnese_duke_of_parma	isabella_deste_16351666
ranuccio_ii_farnese_duke_of_parma	ranuccio_ii_farnese_duke_of_parma
lt_Elector_of_SaxonyMagdalene_Sibylle_of_Prussiagt	john_george_i
lt_Elector_of_SaxonyMagdalene_Sibylle_of_Prussiagt	lt_Elector_of_SaxonyMagdalene_Sibylle_of_Prussiagt
amalie_auguste_of_bavaria	john_of_saxony
amalie_auguste_of_bavaria	amalie_auguste_of_bavaria
john_wayne	josephine_wayne
john_wayne	john_wayne
alexandre_de_beauharnais	joséphine_de_beauharnais
alexandre_de_beauharnais	alexandre_de_beauharnais
alexandre_de_beauharnais	napoleon_i
napoleon_i	joséphine_de_beauharnais
napoleon_i	alexandre_de_beauharnais
napoleon_i	napoleon_i
janelle_timmins	kim_timmins
janelle_timmins	janelle_timmins
miloš_obrenović_i_prince_of_serbia	ljubica_vukomanović
miloš_obrenović_i_prince_of_serbia	miloš_obrenović_i_prince_of_serbia
margaret_of_provence	louis_ix_of_france
margaret_of_provence	margaret_of_provence
faustina_the_younger	marcus_aurelius
faustina_the_younger	faustina_the_younger
henrik_prince_consort_of_denmark	margrethe_ii_of_denmark
henrik_prince_consort_of_denmark	henrik_prince_consort_of_denmark
agustín_fernández_muñoz_duke_of_riansares	maria_christina_of_the_two_sicilies
agustín_fernández_muñoz_duke_of_riansares	agustín_fernández_muñoz_duke_of_riansares
agustín_fernández_muñoz_duke_of_riansares	ferdinand_vii_of_spain
ferdinand_vii_of_spain	maria_christina_of_the_two_sicilies
ferdinand_vii_of_spain	agustín_fernández_muñoz_duke_of_riansares
ferdinand_vii_of_spain	ferdinand_vii_of_spain
lt_Duchess_of_LuccaLouis_of_Etruriagt	maria_luisa_of_spain
lt_Duchess_of_LuccaLouis_of_Etruriagt	lt_Duchess_of_LuccaLouis_of_Etruriagt
georg_ludwig_von_trapp	maria_von_trapp
georg_ludwig_von_trapp	georg_ludwig_von_trapp
charles_prince_of_hohenzollernsigmaringen	marie_antoinette_murat
charles_prince_of_hohenzollernsigmaringen	charles_prince_of_hohenzollernsigmaringen
frederick_ii_margrave_of_meissen	matilde_of_bavaria
frederick_ii_margrave_of_meissen	frederick_ii_margrave_of_meissen
constance_of_peñafiel	peter_i_of_portugal
constance_of_peñafiel	constance_of_peñafiel
eleanor_of_portugal_queen_of_aragon	eleanor_of_sicily
eleanor_of_portugal_queen_of_aragon	peter_iv_of_aragon
eleanor_of_portugal_queen_of_aragon	eleanor_of_portugal_queen_of_aragon
eleanor_of_portugal_queen_of_aragon	maria_of_navarre
eleanor_of_portugal_queen_of_aragon	sibila_of_fortia
maria_of_navarre	eleanor_of_sicily
maria_of_navarre	peter_iv_of_aragon
maria_of_navarre	eleanor_of_portugal_queen_of_aragon
maria_of_navarre	maria_of_navarre
maria_of_navarre	sibila_of_fortia
sibila_of_fortia	eleanor_of_sicily
sibila_of_fortia	peter_iv_of_aragon
sibila_of_fortia	eleanor_of_portugal_queen_of_aragon
sibila_of_fortia	maria_of_navarre
sibila_of_fortia	sibila_of_fortia
jane_randolph_jefferson	peter_jefferson
jane_randolph_jefferson	jane_randolph_jefferson
margaret_trudeau	pierre_trudeau
margaret_trudeau	margaret_trudeau
princess_margaretha_of_sweden	prince_axel_of_denmark
princess_margaretha_of_sweden	princess_margaretha_of_sweden
lt_Duke_of_CastroChantal_de_ChevronVillettegt	prince_ferdinand
lt_Duke_of_CastroChantal_de_ChevronVillettegt	lt_Duke_of_CastroChantal_de_ChevronVillettegt
alexandra_countess_of_frederiksborg	prince_joachim_of_denmark
alexandra_countess_of_frederiksborg	alexandra_countess_of_frederiksborg
alexandra_countess_of_frederiksborg	princess_marie_of_denmark
princess_marie_of_denmark	prince_joachim_of_denmark
princess_marie_of_denmark	alexandra_countess_of_frederiksborg
princess_marie_of_denmark	princess_marie_of_denmark
princess_mikasa	prince_mikasa
princess_mikasa	princess_mikasa
princess_marie_of_orléans_18651909	prince_valdemar_of_denmark
princess_marie_of_orléans_18651909	princess_marie_of_orléans_18651909
prince_henry_of_battenberg	princess_beatrice_of_the_united_kingdom
prince_henry_of_battenberg	prince_henry_of_battenberg
prince_ferdinand_pius_duke_of_calabria	princess_maria_ludwiga_theresia_of_bavaria
prince_ferdinand_pius_duke_of_calabria	prince_ferdinand_pius_duke_of_calabria
robert_i_duke_of_parma	princess_maria_pia_of_bourbontwo_sicilies_18491882
robert_i_duke_of_parma	robert_i_duke_of_parma
miguel_duke_of_braganza	princess_maria_theresa_of_löwensteinwertheimrosenberg
miguel_duke_of_braganza	miguel_duke_of_braganza
prince_philippe_count_of_flanders	princess_marie_of_hohenzollernsigmaringen
prince_philippe_count_of_flanders	prince_philippe_count_of_flanders
ernest_augustus_crown_prince_of_hanover	princess_thyra_of_denmark
ernest_augustus_crown_prince_of_hanover	ernest_augustus_crown_prince_of_hanover
lt_Duke_of_ParmaPrincess_Maria_Pia_of_BourbonTwo_Sicilies_18491882gt	robert_i
lt_Duke_of_ParmaPrincess_Maria_Pia_of_BourbonTwo_Sicilies_18491882gt	lt_Duke_of_ParmaPrincess_Maria_Pia_of_BourbonTwo_Sicilies_18491882gt
dulce_of_aragon	sancho_i_of_portugal
dulce_of_aragon	dulce_of_aragon
chulalongkorn	saovabha_bongsri
chulalongkorn	chulalongkorn
ahhotep_i	seqenenre_tao_ii
ahhotep_i	ahhotep_i
ahhotep_i	sitdjehuti
sitdjehuti	seqenenre_tao_ii
sitdjehuti	ahhotep_i
sitdjehuti	sitdjehuti
mansoor_ali_khan_pataudi	sharmila_tagore
mansoor_ali_khan_pataudi	mansoor_ali_khan_pataudi
tabitha_king	stephen_king
tabitha_king	tabitha_king
clint_buchanan	victoria_lord
clint_buchanan	clint_buchanan
albert_prince_consort	victoria_of_the_united_kingdom
albert_prince_consort	albert_prince_consort
