cynthia_stone	kotch
cynthia_stone	j_w_coop
cynthia_stone	the_pilot_film
robin_wright_penn	the_pledge_film
robin_wright_penn	the_indian_runner
robin_wright_penn	into_the_wild_film
tutte_lemkow	amorosa
tutte_lemkow	loving_couples_1964_film
tutte_lemkow	doctor_glas_film
tutte_lemkow	visions_of_eight
rita_wilson	that_thing_you_do
rita_wilson	band_of_brothers_tv_miniseries
rita_wilson	larry_crowne
annette_bening	reds_film
annette_bening	heaven_can_wait_1978_film
annette_bening	dick_tracy_1990_film
annette_bening	bulworth
eleanor_boardman	the_champ
eleanor_boardman	duel_in_the_sun_film
eleanor_boardman	the_wizard_of_oz_1939_film
eleanor_boardman	the_crowd
eleanor_boardman	northwest_passage_film
eleanor_boardman	beyond_the_forest
eleanor_boardman	show_people
eleanor_boardman	hallelujah_1929_film
eleanor_boardman	the_citadel_film
eleanor_boardman	comrade_x
eleanor_boardman	the_fountainhead_film
eleanor_boardman	billy_the_kid_1930_film
eleanor_boardman	bardelys_the_magnificent
eleanor_boardman	h_m_pulham_esq
eleanor_boardman	street_scene_1931_film
eleanor_boardman	our_daily_bread_1934_film
eleanor_boardman	the_other_half_1919_film
eleanor_boardman	ruby_gentry
eleanor_boardman	hurricane_in_galveston
eleanor_boardman	the_lost_lie
eleanor_boardman	buds_recruit
eleanor_boardman	the_chocolate_of_the_gang
eleanor_boardman	tads_swimming_hole
eleanor_boardman	the_accusing_toe
eleanor_boardman	im_a_man_film
eleanor_boardman	the_turn_in_the_road
eleanor_boardman	better_times_1919_film
eleanor_boardman	poor_relations
eleanor_boardman	the_family_honor
eleanor_boardman	the_jackknife_man
eleanor_boardman	the_sky_pilot
eleanor_boardman	love_never_dies_1921_film
eleanor_boardman	real_adventure
eleanor_boardman	dusk_to_dawn
eleanor_boardman	conquering_the_woman
eleanor_boardman	peg_o_my_heart_1922_film
eleanor_boardman	the_woman_of_bronze
eleanor_boardman	three_wise_fools_1923_film
eleanor_boardman	wild_oranges
eleanor_boardman	happiness_1924_film
eleanor_boardman	wine_of_youth
eleanor_boardman	his_hour
eleanor_boardman	the_wife_of_the_centaur
eleanor_boardman	proud_flesh_film
eleanor_boardman	la_bohème_1926_film
eleanor_boardman	the_patsy_1928_film
eleanor_boardman	stella_dallas_1937_film
eleanor_boardman	bird_of_paradise_1932_film
eleanor_boardman	the_wedding_night
eleanor_boardman	not_so_dumb
eleanor_boardman	so_red_the_rose_film
eleanor_boardman	japanese_war_bride
eleanor_boardman	man_without_a_star
eleanor_boardman	the_strangers_return
eleanor_boardman	cynara_film
theresa_russell	walkabout_film
theresa_russell	dont_look_now
theresa_russell	performance_film
theresa_russell	insignificance_film
theresa_russell	eureka_1983_film
theresa_russell	bad_timing
theresa_russell	the_witches_1990_film
theresa_russell	aria_film
theresa_russell	full_body_massage
theresa_russell	the_man_who_fell_to_earth_film
theresa_russell	aria_1987_film
theresa_russell	track_29
emma_thompson	hamlet_1996_film
emma_thompson	henry_v_1989_film
emma_thompson	peters_friends
emma_thompson	loves_labours_lost_2000_film
emma_thompson	dead_again
emma_thompson	a_midwinters_tale
emma_thompson	frankenstein_1994_film
emma_thompson	as_you_like_it_2006_film
emma_thompson	the_magic_flute_2006_film
emma_thompson	sleuth_2007_film
emma_thompson	thor_film
emma_thompson	twelfth_night_1988_film
madonna_entertainer	the_pledge_film
madonna_entertainer	the_indian_runner
madonna_entertainer	into_the_wild_film
madonna_entertainer	the_hire
madonna_entertainer	snatch_film
madonna_entertainer	revolver_film
madonna_entertainer	rocknrolla
madonna_entertainer	sherlock_holmes_2009_film
sylvia_anderson	the_adventures_of_twizzle
sylvia_anderson	torchy_the_battery_boy
sylvia_anderson	crossroads_to_crime
betty_compson	if_i_had_a_million
betty_compson	the_great_gabbo
betty_compson	the_covered_wagon
betty_compson	old_ironsides_film
betty_compson	i_cover_the_waterfront
betty_compson	the_duke_steps_out
betty_compson	leap_year_1921_film
betty_compson	the_fast_freight
betty_compson	the_dollarayear_man
betty_compson	gasoline_gus
betty_compson	crazy_to_marry
betty_compson	the_mating_call_film
betty_compson	the_city_that_never_sleeps_film
betty_compson	the_wrong_road
loni_anderson	the_end_film
loni_anderson	gator_film
loni_anderson	sharkys_machine_film
loni_anderson	the_man_from_left_field
sarika	virumaandi
imogen_stubbs	lady_jane_film
imogen_stubbs	hedda_film
imogen_stubbs	oklahoma_1999_film
imogen_stubbs	king_lear_2008_tv_film
caroline_mcwilliams	the_merry_gentleman
judy_garland	the_band_wagon
judy_garland	meet_me_in_st_louis
judy_garland	father_of_the_bride_1950_film
judy_garland	lust_for_life_film
judy_garland	bells_are_ringing_film
judy_garland	cabin_in_the_sky
judy_garland	an_american_in_paris_film
judy_garland	babes_on_broadway
judy_garland	gigi_1958_film
judy_garland	the_long_long_trailer
judy_garland	ziegfeld_follies_film
judy_garland	the_pirate
judy_garland	four_horsemen_of_the_apocalypse_film
judy_garland	undercurrent_film
judy_garland	i_dood_it
judy_garland	fathers_little_dividend
judy_garland	a_matter_of_time_1976_film
judy_garland	the_sandpiper
judy_garland	the_clock_film
judy_garland	madame_bovary_1949_film
judy_garland	the_story_of_three_loves
judy_garland	the_reluctant_debutante
judy_garland	designing_woman
judy_garland	home_from_the_hill_film
judy_garland	kismet_1955_film
judy_garland	the_courtship_of_eddies_father_film
judy_garland	goodbye_charlie
judy_garland	brigadoon_film
judy_garland	on_a_clear_day_you_can_see_forever_film
judy_garland	some_came_running
brian_benben	unbound_captives
paula_abdul	the_war_at_home_film
paula_abdul	rated_x_film
paula_abdul	bobby_2006_film
paula_abdul	wisdom_film
véra_clouzot	les_diaboliques_film
véra_clouzot	the_wages_of_fear
véra_clouzot	quai_des_orfèvres
véra_clouzot	le_corbeau
véra_clouzot	manon_film
véra_clouzot	the_mystery_of_picasso
véra_clouzot	la_vérité_film
véra_clouzot	les_espions
véra_clouzot	return_to_life
véra_clouzot	the_murderer_lives_at_number_21
julie_cypher	sioux_city_film
julie_cypher	dangerous_touch
julie_cypher	love_takes_wing
damon_santostefano	the_cake_eaters
sheila_sim	a_bridge_too_far_film
sheila_sim	chaplin_film
sheila_sim	oh_what_a_lovely_war
sheila_sim	gandhi_film
sheila_sim	magic_film
sheila_sim	shadowlands_film
sheila_sim	young_winston
sheila_sim	a_chorus_line_film
sheila_sim	closing_the_ring
sheila_sim	grey_owl_film
silvia_dionisio	cannibal_holocaust
silvia_dionisio	the_house_on_the_edge_of_the_park
silvia_dionisio	ultimo_mondo_cannibale
silvia_dionisio	the_atlantis_interceptors
silvia_dionisio	concorde_affaire_79
silvia_dionisio	camping_del_terrore
silvia_dionisio	the_barbarians_film
silvia_dionisio	live_like_a_cop_die_like_a_man
françoise_rosay	knight_without_armour
françoise_rosay	anna_christie_1931_film
françoise_rosay	carnival_in_flanders_film
françoise_rosay	latlantide_1921_film
françoise_rosay	crainquebille
françoise_rosay	le_grand_jeu_1934_film
françoise_rosay	faces_of_children
françoise_rosay	la_loi_du_nord
françoise_rosay	pension_mimosas
françoise_rosay	the_kiss_1929_film
françoise_rosay	son_of_india_1931_film
arlene_alda	war_of_nerves_mash
arlene_alda	the_late_captain_pierce
arlene_alda	margarets_engagement
arlene_alda	betsys_wedding
arlene_alda	dreams_mash
arlene_alda	the_four_seasons_film
arlene_alda	sweet_liberty
kate_isitt	calendar_girls
kate_isitt	a_lot_like_love
kate_isitt	saving_grace_2000_film
kate_isitt	five_dollars_a_day
kate_isitt	made_in_dagenham
marguerite_snow	if_i_had_a_million
marguerite_snow	the_great_gabbo
marguerite_snow	the_covered_wagon
marguerite_snow	old_ironsides_film
marguerite_snow	i_cover_the_waterfront
marguerite_snow	the_duke_steps_out
marguerite_snow	leap_year_1921_film
marguerite_snow	the_fast_freight
marguerite_snow	the_dollarayear_man
marguerite_snow	gasoline_gus
marguerite_snow	crazy_to_marry
marguerite_snow	the_mating_call_film
marguerite_snow	the_city_that_never_sleeps_film
marguerite_snow	the_wrong_road
amy_leslie	jungle_cavalcade_1941_film
eric_fellner	on_a_clear_day
felicia_farr	kotch
esperanza_baur	the_green_berets_film
esperanza_baur	the_longest_day_film
esperanza_baur	the_alamo_1960_film
esperanza_baur	the_undefeated_1969_film
pilar_pallete	the_green_berets_film
pilar_pallete	the_longest_day_film
pilar_pallete	the_alamo_1960_film
pilar_pallete	the_undefeated_1969_film
tabitha_king	maximum_overdrive
florence_vidor	the_champ
florence_vidor	duel_in_the_sun_film
florence_vidor	the_wizard_of_oz_1939_film
florence_vidor	the_crowd
florence_vidor	northwest_passage_film
florence_vidor	beyond_the_forest
florence_vidor	show_people
florence_vidor	hallelujah_1929_film
florence_vidor	the_citadel_film
florence_vidor	comrade_x
florence_vidor	the_fountainhead_film
florence_vidor	billy_the_kid_1930_film
florence_vidor	bardelys_the_magnificent
florence_vidor	h_m_pulham_esq
florence_vidor	street_scene_1931_film
florence_vidor	our_daily_bread_1934_film
florence_vidor	the_other_half_1919_film
florence_vidor	ruby_gentry
florence_vidor	hurricane_in_galveston
florence_vidor	the_lost_lie
florence_vidor	buds_recruit
florence_vidor	the_chocolate_of_the_gang
florence_vidor	tads_swimming_hole
florence_vidor	the_accusing_toe
florence_vidor	im_a_man_film
florence_vidor	the_turn_in_the_road
florence_vidor	better_times_1919_film
florence_vidor	poor_relations
florence_vidor	the_family_honor
florence_vidor	the_jackknife_man
florence_vidor	the_sky_pilot
florence_vidor	love_never_dies_1921_film
florence_vidor	real_adventure
florence_vidor	dusk_to_dawn
florence_vidor	conquering_the_woman
florence_vidor	peg_o_my_heart_1922_film
florence_vidor	the_woman_of_bronze
florence_vidor	three_wise_fools_1923_film
florence_vidor	wild_oranges
florence_vidor	happiness_1924_film
florence_vidor	wine_of_youth
florence_vidor	his_hour
florence_vidor	the_wife_of_the_centaur
florence_vidor	proud_flesh_film
florence_vidor	la_bohème_1926_film
florence_vidor	the_patsy_1928_film
florence_vidor	stella_dallas_1937_film
florence_vidor	bird_of_paradise_1932_film
florence_vidor	the_wedding_night
florence_vidor	not_so_dumb
florence_vidor	so_red_the_rose_film
florence_vidor	japanese_war_bride
florence_vidor	man_without_a_star
florence_vidor	the_strangers_return
florence_vidor	cynara_film
susan_stephen	walkabout_film
susan_stephen	dont_look_now
susan_stephen	performance_film
susan_stephen	insignificance_film
susan_stephen	eureka_1983_film
susan_stephen	bad_timing
susan_stephen	the_witches_1990_film
susan_stephen	aria_film
susan_stephen	full_body_massage
susan_stephen	the_man_who_fell_to_earth_film
susan_stephen	aria_1987_film
susan_stephen	track_29
norodom_monineath_sihanouk	the_last_days_of_colonel_savath
norodom_monineath_sihanouk	my_village_at_sunset
norodom_monineath_sihanouk	an_ambition_reduced_to_ashes
dina_merrill	j_w_coop
dina_merrill	the_pilot_film
judy_carne	the_end_film
judy_carne	gator_film
judy_carne	sharkys_machine_film
judy_carne	the_man_from_left_field
janet_suzman	lady_jane_film
janet_suzman	hedda_film
janet_suzman	oklahoma_1999_film
janet_suzman	king_lear_2008_tv_film
lt_JrLiza_Minnelligt	lt_JrThats_Entertainmentgt
lt_JrLiza_Minnelligt	lt_JrThe_Love_Machine_filmgt
connie_booth	a_fish_called_wanda
alyce_faye_eichelberger	a_fish_called_wanda
miriam_stoppard	rosencrantz__guildenstern_are_dead_film
nancy_carell	secretarys_day_the_office
michiel_vos	journeys_with_george
