alexander_iii_of_russia	maria_feodorovna_dagmar_of_denmark
maria_feodorovna_dagmar_of_denmark	alexander_iii_of_russia
amitabh_bachchan	jaya_bachchan
jaya_bachchan	amitabh_bachchan
arthur_miller	marilyn_monroe
marilyn_monroe	arthur_miller
inge_morath	arthur_miller
florence_balcombe	bram_stoker
prisca_empress	diocletian
jack_lemmon	cynthia_stone
jack_lemmon	felicia_farr
cynthia_stone	jack_lemmon
cynthia_stone	cliff_robertson
khieu_ponnary	pol_pot
margaret_trudeau	pierre_trudeau
russell_crowe	danielle_spencer_australian_singer
danielle_spencer_australian_singer	russell_crowe
robin_wright_penn	sean_penn
sean_penn	robin_wright_penn
joseph_d_reitman	shannon_elizabeth
stephen_of_england	matilda_of_boulogne
matilda_of_boulogne	stephen_of_england
tiberius	julia_the_elder
julia_the_elder	tiberius
suha_arafat	yasser_arafat
oskar_schindler	emilie_schindler
emilie_schindler	oskar_schindler
tutte_lemkow	mai_zetterling
barbara_stanwyck	frank_fay_american_actor
barbara_stanwyck	robert_taylor_actor
frank_fay_american_actor	barbara_stanwyck
tom_hanks	rita_wilson
rita_wilson	tom_hanks
dudley_moore	tuesday_weld
dudley_moore	suzy_kendall
tuesday_weld	dudley_moore
frances_stevenson	david_lloyd_george
margaret_lloyd_george	david_lloyd_george
elizabeth_porter	samuel_johnson
lt_1st_Earl_of_LeicesterLettice_Knollysgt	robert_dudley
farouk_of_egypt	narriman_sadek
farouk_of_egypt	farida_of_egypt
narriman_sadek	farouk_of_egypt
farida_of_egypt	farouk_of_egypt
mary_wilson_lady_wilson_of_rievaulx	harold_wilson
pulcheria	marcian
leopold_ii_of_belgium	marie_henriette_of_austria
marie_henriette_of_austria	leopold_ii_of_belgium
haakon_vi_of_norway	margaret_i_of_denmark
liza_minnelli	david_gest
peter_allen	liza_minnelli
norma_shearer	irving_thalberg
irving_thalberg	norma_shearer
warren_beatty	annette_bening
annette_bening	warren_beatty
jack_fisk	sissy_spacek
bruce_willis	emma_heming
bruce_willis	demi_moore
emma_heming	bruce_willis
haakon_vii_of_norway	maud_of_wales
maud_of_wales	haakon_vii_of_norway
richard_francis_burton	isabel_burton
isabel_burton	richard_francis_burton
king_vidor	eleanor_boardman
eleanor_boardman	king_vidor
lt_Holy_Roman_EmperorBianca_Lanciagt	frederick_ii
umberto_ii_of_italy	marie_josé_of_belgium
marie_josé_of_belgium	umberto_ii_of_italy
nicolas_roeg	theresa_russell
theresa_russell	nicolas_roeg
jane_williams_theologian	rowan_williams
lt_Duke_of_BrabantMargaret_of_France_Duchess_of_Brabantgt	john_i
aline_chrétien	jean_chrétien
serge_gainsbourg	jane_birkin
john_barry_composer	jane_birkin
jacques_doillon	jane_birkin
jim_carrey	lauren_holly
lauren_holly	jim_carrey
rex_harrison	kay_kendall
rex_harrison	lilli_palmer
kay_kendall	rex_harrison
kenneth_branagh	emma_thompson
emma_thompson	kenneth_branagh
emma_thompson	greg_wise
madonna_entertainer	sean_penn
madonna_entertainer	guy_ritchie
frederick_iii_of_denmark	sophie_amalie_of_brunswicklüneburg
sophie_amalie_of_brunswicklüneburg	frederick_iii_of_denmark
lt_Holy_Roman_EmperorAnna_of_Tyrolgt	matthias
john_ii_of_aragon	blanche_i_of_navarre
john_ii_of_aragon	juana_enríquez
blanche_i_of_navarre	john_ii_of_aragon
frederick_ix_of_denmark	ingrid_of_sweden
ingrid_of_sweden	frederick_ix_of_denmark
prunella_scales	timothy_west
timothy_west	prunella_scales
samuel_augustus_barnett	henrietta_barnett
henrietta_barnett	samuel_augustus_barnett
greg_wise	emma_thompson
stephen_v_of_hungary	elizabeth_the_cuman
elizabeth_the_cuman	stephen_v_of_hungary
cliff_robertson	cynthia_stone
cliff_robertson	dina_merrill
dóra_þórhallsdóttir	ltÁsgeir_Ásgeirssongt
lt_Princess_of_RéthyLeopold_III_of_Belgiumgt	lilian
patricia_monaghan	robert_shea
sylvia_anderson	gerry_anderson
gerry_anderson	sylvia_anderson
maria_van_riebeeck	jan_van_riebeeck
betty_compson	james_cruze
james_cruze	betty_compson
james_cruze	marguerite_snow
burt_reynolds	loni_anderson
burt_reynolds	judy_carne
loni_anderson	burt_reynolds
pierce_brosnan	cassandra_harris
pierce_brosnan	keely_shaye_smith
cassandra_harris	pierce_brosnan
anna_nitschmann	nicolaus_ludwig_zinzendorf
dorothy_dandridge	harold_nicholas
harold_nicholas	dorothy_dandridge
cheryl_benard	zalmay_khalilzad
una_stubbs	peter_gilmore
una_stubbs	nicky_henson
peter_gilmore	una_stubbs
peter_gilmore	jan_waters
nicky_henson	una_stubbs
chulalongkorn	savang_vadhana
chulalongkorn	saovabha_bongsri
chulalongkorn	sunandha_kumariratana
chulalongkorn	sukhumala_marasri
chulalongkorn	dara_rasmi
savang_vadhana	chulalongkorn
saovabha_bongsri	chulalongkorn
sunandha_kumariratana	chulalongkorn
buddha_yodfa_chulaloke	amarindra
amarindra	buddha_yodfa_chulaloke
lt_Duke_of_GloucesterJacqueline_Countess_of_Hainautgt	humphrey
helena_roerich	nicholas_roerich
sarika	kamal_haasan
imogen_stubbs	trevor_nunn
suzy_welch	jack_welch
carolyn_welch	jack_welch
jane_welch	jack_welch
johnny_cash	june_carter_cash
lt_Viscountess_RochfordGeorge_Boleyn_Viscount_Rochfordgt	jane_boleyn
lt_4th_Duke_of_NorfolkMary_FitzAlangt	thomas_howard
caroline_mcwilliams	michael_keaton
frederick_william_iv_of_prussia	elisabeth_ludovika_of_bavaria
elisabeth_ludovika_of_bavaria	frederick_william_iv_of_prussia
diane_hegarty	anton_lavey
peter_ladd_jensen	ubolratana_rajakanya
christiane_eberhardine_of_brandenburgbayreuth	augustus_ii_the_strong
lt_Viscount_RochfordJane_Boleyn_Viscountess_Rochfordgt	george_boleyn
sancho_i_of_portugal	dulce_of_aragon
dulce_of_aragon	sancho_i_of_portugal
rosalind_chao	simon_templeman
simon_templeman	rosalind_chao
seal_musician	heidi_klum
alexandra_wentworth	george_stephanopoulos
george_stephanopoulos	alexandra_wentworth
judy_garland	mark_herron
judy_garland	vincente_minnelli
judy_garland	sidney_luft
steve_case	jean_case
jean_case	steve_case
smenkhkare	neferneferuaten
meritaten	smenkhkare
meritaten	akhenaten
marilyn_manson	dita_von_teese
nancy_dow	john_aniston
janet_huckabee	mike_huckabee
christiane_amanpour	james_rubin
james_rubin	christiane_amanpour
john_i_of_castile	beatrice_of_portugal
rosalie_van_breemen	alain_delon
nathalie_delon	alain_delon
princess_beatrice_of_the_united_kingdom	prince_henry_of_battenberg
prince_henry_of_battenberg	princess_beatrice_of_the_united_kingdom
robert_kardashian	kris_jenner
kris_jenner	robert_kardashian
kris_jenner	bruce_jenner
lee_guber	barbara_walters
madeleine_stowe	brian_benben
brian_benben	madeleine_stowe
joachim_murat	caroline_bonaparte
caroline_bonaparte	joachim_murat
lt_Lady_Wilson_of_RievaulxHarold_Wilsongt	mary_wilson
paula_abdul	emilio_estevez
colin_mochrie	debra_mcgrath
debra_mcgrath	colin_mochrie
debra_marshall	stone_cold_steve_austin
jeannie_clark	stone_cold_steve_austin
ludwig_iii_of_bavaria	maria_theresa_of_austriaeste_18491919
maria_theresa_of_austriaeste_18491919	ludwig_iii_of_bavaria
henry_abel_smith	lady_may_abel_smith
henrigeorges_clouzot	véra_clouzot
véra_clouzot	henrigeorges_clouzot
terry_farrell_actress	brian_baker_actor
brian_baker_actor	terry_farrell_actress
jeffrey_hunter	emily_mclaughlin
jeffrey_hunter	barbara_rush
emily_mclaughlin	jeffrey_hunter
warren_g_harding	florence_harding
ibrahim_nasir	naseema_mohamed
naseema_mohamed	ibrahim_nasir
alan_keen	ann_keen
ann_keen	alan_keen
lt_Duke_of_BrabantMarie_of_Hohenstaufengt	henry_ii
lt_3rd_Earl_of_LancasterMaud_Chaworthgt	henry_plantagenet
princess_margaretha_of_sweden	prince_axel_of_denmark
prince_axel_of_denmark	princess_margaretha_of_sweden
alley_mills	orson_bean
harpo_marx	susan_fleming
billy_rose	fanny_brice
ann_sothern	robert_sterling
robert_sterling	ann_sothern
robert_sterling	anne_jeffreys
gloria_stuart	arthur_sheekman
arthur_sheekman	gloria_stuart
lt_Crown_Prince_of_SwedenPrincess_Louise_Amelie_of_Badengt	gustavus
mark_e_kelly	gabrielle_giffords
gabrielle_giffords	mark_e_kelly
gordon_ramsay	tana_ramsay
tana_ramsay	gordon_ramsay
jimmy_fallon	nancy_juvonen
nancy_juvonen	jimmy_fallon
seth_cohen	summer_roberts
seth_cohen	anna_stern
summer_roberts	seth_cohen
summer_roberts	zach_stevens
lt_Duke_of_LorraineClaude_of_Valoisgt	charles_iii
lt_2nd_Earl_of_WarwickAnne_Dudley_Countess_of_Warwickgt	john_dudley
julie_cypher	lou_diamond_phillips
sunil_dutt	nargis
lt_Countess_of_HainautHumphrey_Duke_of_Gloucestergt	jacqueline
lt_Countess_of_HainautJohn_IV_Duke_of_Brabantgt	jacqueline
damon_santostefano	mary_stuart_masterson
lt_Baroness_GreenfieldPeter_Atkinsgt	susan_greenfield
david_c_robinson	susan_ward
robert_lansing_actor	emily_mclaughlin
kenneth_harlan	emily_mclaughlin
kenneth_harlan	marie_prevost
yolande_of_aragon	louis_ii_of_naples
chelsea_noble	kirk_cameron
kirk_cameron	chelsea_noble
jack_norworth	louise_dresser
nora_bayes	jack_norworth
tuanku_bainun	azlan_shah_of_perak
bruce_jenner	kris_jenner
bruce_jenner	linda_thompson_actress
norman_manley	edna_manley
edna_manley	norman_manley
morag_smith	steve_smith_comedian
elisabeth_elliot	jim_elliot
jim_elliot	elisabeth_elliot
leka_crown_prince_of_albania	susan_cullenward
maude_hutchins	robert_maynard_hutchins
bryce_dallas_howard	seth_gabel
seth_gabel	bryce_dallas_howard
maria_dahvana_headley	robert_schenkkan
victoria_nuland	robert_kagan
john_thomas_serres	olivia_serres
jesse_birdsall	gwyneth_strong
gwyneth_strong	jesse_birdsall
sidney_luft	lynn_bari
sidney_luft	camille_keaton
charles_iii_duke_of_lorraine	claude_of_valois
parris_glendening	frances_hughes_glendening
frances_hughes_glendening	parris_glendening
yūko_kobayashi	mitsuaki_hoshino
mitsuaki_hoshino	yūko_kobayashi
barbara_steele	james_poe
james_poe	barbara_steele
carol_rosin	jon_cypher
jon_cypher	carol_rosin
aldo_ray	jeff_donnell
jeff_donnell	aldo_ray
patrick_garland	alexandra_bastedo
pamela_des_barres	michael_des_barres
thomas_mann_randolph_jr	martha_jefferson_randolph
mansoor_ali_khan_pataudi	sharmila_tagore
harry_hughes	patricia_donoho_hughes
patricia_donoho_hughes	harry_hughes
rosalie_ricky_gaull_silberman	laurence_h_silberman
robert_dudley_1st_earl_of_leicester	lettice_knollys
robert_dudley_1st_earl_of_leicester	amy_robsart
walter_devereux_1st_earl_of_essex	lettice_knollys
roberta_taylor	peter_guinness_actor
peter_guinness_actor	roberta_taylor
bibi_gaytán	eduardo_capetillo
eduardo_capetillo	bibi_gaytán
laura_ingalls_wilder	almanzo_wilder
pinchas_zukerman	tuesday_weld
gaius_octavius	atia_balba_caesonia
gareth_bennett	cara_pifko
adrianne_curry	christopher_knight
christopher_knight	adrianne_curry
adam_cheng	lydia_shum
lydia_shum	adam_cheng
lt_Duchess_of_BuckinghamHenry_Stafford_2nd_Duke_of_Buckinghamgt	catherine_woodville
henry_plantagenet_3rd_earl_of_lancaster	maud_chaworth
lilyan_tashman	edmund_lowe
edmund_lowe	lilyan_tashman
lt_7th_Duke_of_NorfolkMary_Howard_Duchess_of_Norfolk_d_1705gt	henry_howard
susan_anspach	mark_goddard
maria_augimeri	odoardo_di_santo
odoardo_di_santo	maria_augimeri
jeremy_sisto	marisa_ryan
marisa_ryan	jeremy_sisto
lt_Grand_Duke_of_TuscanyMarguerite_Louise_dOrléansgt	cosimo_iii_de_medici
hermann_einstein	pauline_koch
pauline_koch	hermann_einstein
jon_hall	frances_langford
jon_hall	raquel_torres
frances_langford	jon_hall
raquel_torres	jon_hall
xander_berkeley	sarah_clarke
sarah_clarke	xander_berkeley
milena_dravić	dragan_nikolić
dragan_nikolić	milena_dravić
priya_arun	laxmikant_berde
bijou_heron	henry_miller_actor
elisabeth_moss	fred_armisen
sally_timms	fred_armisen
lt_Crown_Prince_of_SaxonyPrincess_Caroline_of_Parmagt	maximilian
stanisław_kostka_zamoyski	zofia_czartoryska
zofia_czartoryska	stanisław_kostka_zamoyski
george_eckstein	ann_morgan_guilbert
jay_faires	debbie_matenopoulos
fanny_heldy	marcel_boussac
boney_kapoor	sridevi
jenny_lumet	bobby_cannavale
caroline_ingalls	charles_ingalls
charles_ingalls	caroline_ingalls
marcus_vipsanius_agrippa	julia_the_elder
priscilla_ahn	michael_weston
prince_tomohito_of_mikasa	princess_tomohito_of_mikasa
princess_tomohito_of_mikasa	prince_tomohito_of_mikasa
andrew_i_of_hungary	anastasia_of_kiev
anastasia_of_kiev	andrew_i_of_hungary
zack_morris	kelly_kapowski
kelly_kapowski	zack_morris
vicki_risch	jim_risch
jack_oakie	victoria_horne
gail_ogrady	jeffrey_byron
jeffrey_byron	gail_ogrady
carol_hughes	frank_faylen
claudio_guzmán	anna_maria_alberghetti
bing_crosby	kathryn_crosby
bing_crosby	dixie_lee
lachlan_murdoch	sarah_murdoch
stephanie_j_block	sebastian_arcelus
sebastian_arcelus	stephanie_j_block
paul_scheer	june_diane_raphael
june_diane_raphael	paul_scheer
sandy_lam	jonathan_lee_record_producer
jonathan_lee_record_producer	sandy_lam
tom_ellis_actor	tamzin_outhwaite
noah_bennett	paloma_lopezfitzgerald
paloma_lopezfitzgerald	noah_bennett
sheila_sim	richard_attenborough
richard_attenborough	sheila_sim
silvia_dionisio	ruggero_deodato
raj_babbar	smita_patil
jacques_feyder	françoise_rosay
françoise_rosay	jacques_feyder
jill_eikenberry	michael_tucker_actor
ann_smith_franklin	james_franklin_printer
james_franklin_printer	ann_smith_franklin
francesco_i_sforza	bianca_maria_visconti
ray_barnett	neela_rasgotra
neela_rasgotra	ray_barnett
neela_rasgotra	tony_gates
neela_rasgotra	michael_gallant
napoleon_louis_bonaparte	charlotte_napoléone_bonaparte
charlotte_napoléone_bonaparte	napoleon_louis_bonaparte
conway_bernerslee	mary_lee_woods
mary_lee_woods	conway_bernerslee
prince_valdemar_of_denmark	princess_marie_of_orléans_18651909
princess_marie_of_orléans_18651909	prince_valdemar_of_denmark
saul_williams	persia_white
andrew_moravcsik	annemarie_slaughter
lisa_brenner	dean_devlin
mohammed_bin_rashid_al_maktoum	princess_haya_bint_al_hussein
umaru_yaradua	turai_yaradua
turai_yaradua	umaru_yaradua
diana_hoddinott	harry_towb
harry_towb	diana_hoddinott
agnieszka_perepeczko	marek_perepeczko
lt_Prince_of_MonacoMarie_of_Lorrainegt	antonio_i
héctor_soberón	michelle_vieth
sussan_taunton	héctor_soberón
lt_Countess_of_BessboroughVere_Ponsonby_9th_Earl_of_Bessboroughgt	roberte_ponsonby
lt_JrGina_de_Veneciagt	jose_de_venecia
inés_de_suárez	rodrigo_de_quiroga
doug_hattaway	jarrett_barrios
diane_keen	paul_greenwood
paul_greenwood	diane_keen
harindranath_chattopadhyay	kamaladevi_chattopadhyay
tom_harmon	elyse_knox
arcadia_bandini_de_stearns_baker	abel_stearns
abel_stearns	arcadia_bandini_de_stearns_baker
bo_buchanan	nora_hanen
nora_hanen	bo_buchanan
nora_hanen	clint_buchanan
nora_hanen	hank_gannon
jerzy_jurandot	stefania_grodzieńska
stefania_grodzieńska	jerzy_jurandot
arlene_alda	alan_alda
alan_alda	arlene_alda
lt_9th_Earl_of_BessboroughRoberte_Ponsonby_Countess_of_Bessboroughgt	vere_ponsonby
amenhotep_i	ahmosemeritamun
erin_hershey_presley	brian_presley
brian_presley	erin_hershey_presley
kate_isitt	nigel_cole
nigel_cole	kate_isitt
lt_Countess_of_Worcester_c_1476__c_1513Charles_Somerset_1st_Earl_of_Worcestergt	elizabeth_somerset
marguerite_snow	james_cruze
kevin_mcnally	phyllis_logan
phyllis_logan	kevin_mcnally
charles_napoléon	princess_béatrice_of_bourbontwo_sicilies
princess_béatrice_of_bourbontwo_sicilies	charles_napoléon
arthur_kent_white	kathleen_merrell_white
kathleen_merrell_white	arthur_kent_white
ola_rapace	noomi_rapace
noomi_rapace	ola_rapace
joanne_ernst	james_c_collins
peter_bock_wisconsin_politician	kathleen_falk
lt_Duchess_of_NorfolkThomas_Howard_4th_Duke_of_Norfolkgt	margaret_howard
rahul_mahajan_reality_tv_personality	dimpy_mahajan
dimpy_mahajan	rahul_mahajan_reality_tv_personality
gardner_dickinson	judy_dickinson
judy_dickinson	gardner_dickinson
lt_Queen_of_PortugalManuel_I_of_Portugalgt	maria_of_aragon
gauri_pradhan_tejwani	hiten_tejwani
hiten_tejwani	gauri_pradhan_tejwani
lt_Duke_of_ParmaArchduchess_Maria_Anna_of_Austria_18821940gt	elias
infante_antonio_duke_of_galliera	infanta_eulalia_of_spain
martin_i_of_sicily	blanche_i_of_navarre
martin_i_of_sicily	mary_of_sicily
jimmy_mcnulty	beadie_russell
jimmy_mcnulty	rhonda_pearlman
beadie_russell	jimmy_mcnulty
jean_shepherd	lois_nettleton
frank_buck_animal_collector	amy_leslie
amy_leslie	frank_buck_animal_collector
scarlet_ortiz	yul_bürkle
alex_fong_actor	hoyan_mok
hoyan_mok	alex_fong_actor
prince_eduard_of_saxealtenburg	princess_amalie_of_hohenzollernsigmaringen
princess_amalie_of_hohenzollernsigmaringen	prince_eduard_of_saxealtenburg
clayton_landey	lin_shaye
clint_buchanan	nora_hanen
clint_buchanan	victoria_lord
clint_buchanan	lindsay_rappaport
hank_gannon	nora_hanen
talal_of_jordan	zein_alsharaf_talal
philip_rubin	joette_katz
sisavang_vong	khamoun_i
robert_daws	amy_robbins
matthias_holy_roman_emperor	anna_of_tyrol
derrick_henry_lehmer	emma_lehmer
shane_brolly	sarah_g_buxton
qianlong_emperor	worthy_lady_shun
qianlong_emperor	fragrant_concubine
qianlong_emperor	imperial_noble_consort_qing_gong
qianlong_emperor	noble_consort_ying
qianlong_emperor	consort_shu
qianlong_emperor	noble_consort_wan
olivia_winters	nathan_hastings
nathan_hastings	olivia_winters
edmund_grey_1st_earl_of_kent	lady_katherine_percy
savitri_devi	sitaram_bhaskar_bhagwat
george_dolenz	janelle_johnson
adriana_cramer	rex_balsom
rex_balsom	adriana_cramer
rex_balsom	jennifer_rappaport
adam_chandler	dixie_cooney_martin
adam_chandler	brooke_english
adam_chandler	liza_colby
adam_chandler	gloria_marsh
adam_chandler	krystal_carey
adam_chandler	annie_lavery
adam_chandler	arlene_vaughan
olivia_spencer	alan_spaulding
olivia_spencer	phillip_spaulding
olivia_spencer	jeffrey_oneill
olivia_spencer	natalia_rivera_aitoro
olivia_spencer	bill_lewis_iii
doris_wolfe	alan_spaulding
kenneth_peach	pauline_curley
lt_Princess_of_AntiochBohemond_I_of_Antiochgt	constance_of_france
lt_Princess_of_AntiochHugh_Count_of_Champagnegt	constance_of_france
irina_pavlovna_paley	prince_feodor_alexandrovich_of_russia
prince_feodor_alexandrovich_of_russia	irina_pavlovna_paley
carla_von_lahnstein	bernd_von_beyenbach
bernd_von_beyenbach	carla_von_lahnstein
eric_fellner	gaby_dellal
gaby_dellal	eric_fellner
princess_charlotte_of_saxealtenburg	prince_sigismund_of_prussia_18961978
hanna_homonai	andriy_shevchenko_politician
hal_moore	julia_compton_moore
liv_kristine	alexander_krull
johnny_mann	lori_nelson
prince_philippe_count_of_flanders	princess_marie_of_hohenzollernsigmaringen
maximilian_crown_prince_of_saxony	princess_caroline_of_parma
maximilian_crown_prince_of_saxony	princess_maria_luisa_carlota_of_parma
louise_bourgeois	robert_goldwater
angela_pan	chan_hunglit
chan_hunglit	angela_pan
charles_emmanuel_prince_of_carignan	princess_maria_christina_of_saxony_17701851
betty_draper	don_draper
harriet_g_walker	t_b_walker
t_b_walker	harriet_g_walker
cosimo_iii_de_medici_grand_duke_of_tuscany	marguerite_louise_dorléans
feodor_i_of_russia	irina_godunova
marina_cooper	shayne_lewis
darren_dalton	kristen_dalton_actress
j_willard_marriott	alice_marriott
kostas_kazakos	tzeni_karezi
peter_paul_rubens	isabella_brant
jorge_poza	mayrín_villanueva
john_duncan_fergusson	margaret_morris_dancer
prince_rasso_of_bavaria	archduchess_theresa_of_austria_b_1931
archduchess_theresa_of_austria_b_1931	prince_rasso_of_bavaria
hiram_kahanawai	poomaikelani
henry_ii_duke_of_brabant	marie_of_hohenstaufen
duke_of_lothier	marie_of_hohenstaufen
eric_vi_of_denmark	ingeborg_magnusdotter_of_sweden
dennis_wyndham	elsie_mackay
prince_oskar_of_prussia	countess_ina_marie_von_bassewitz
john_george_iii_elector_of_saxony	princess_anna_sophie_of_denmark
lt_Duke_of_ViseuAnita_de_Braganzagt	prince_miguel
ivan_iv_of_russia	anna_vasilchikova
ivan_iv_of_russia	anastasia_of_russia
ivan_iv_of_russia	maria_nagaya
ivan_iv_of_russia	maria_temryukovna
ivan_iv_of_russia	marfa_sobakina
ivan_iv_of_russia	anna_koltovskaya
ivan_iv_of_russia	vasilisa_melentyeva
ivan_iv_of_russia	maria_dolgorukaya
louis_iv_grand_duke_of_hesse	princess_alice_of_the_united_kingdom
gloria_neil	anthony_k_roberts
lt_Count_of_BardiInfanta_Adelgundes_Duchess_of_Guimarãesgt	prince_henry
margaret_taylor	zachary_taylor
lt_Countess_of_OrmondJames_Butler_2nd_Earl_of_Ormondgt	elizabeth_butler
thomas_howard_4th_duke_of_norfolk	mary_fitzalan
lt_Duchess_of_GuimarãesPrince_Henry_Count_of_Bardigt	infanta_adelgundes
george_i_duke_of_saxemeiningen	princess_louise_eleanore_of_hohenlohelangenburg
louis_ii_duke_of_bavaria	matilda_of_habsburg
alice_stevenson	william_james_parke_hume
lt_Duke_of_GallieraInfanta_Eulalia_of_Spaingt	infante_antonio
prince_miguel_duke_of_viseu	anita_de_braganza
lt_Countess_of_MorayJames_Stewart_1st_Earl_of_Moraygt	agnes_keith
lt_Countess_of_MorayColin_Campbell_6th_Earl_of_Argyllgt	agnes_keith
lt_Countess_of_MortonWilliam_Douglas_6th_Earl_of_Mortongt	agnes_leslie
eugen_barbu	marga_barbu
emilio_fernández	columba_domínguez
lt_Duchess_of_BrabantJohn_I_Duke_of_Brabantgt	margaret_of_france
jose_de_venecia_jr	gina_de_venecia
antonio_i_prince_of_monaco	marie_of_lorraine
lt_1st_Earl_of_ConwayAnne_Conway_Viscountess_Conwaygt	edward_conway
smilets_of_bulgaria	smiltsena_palaiologina
lt_Queen_of_LeinsterDermot_MacMurroughgt	mor_otoole
helen_of_znojmo	casimir_ii_the_just
elias_duke_of_parma	archduchess_maria_anna_of_austria_18821940
lt_Countess_of_LincolnJohn_de_Lacy_1st_Earl_of_Lincolngt	margaret_de_quincy
lt_Countess_of_LincolnWalter_Marshal_5th_Earl_of_Pembrokegt	margaret_de_quincy
lt_5th_Earl_of_PembrokeMargaret_de_Quincy_Countess_of_Lincolngt	walter_marshal
jane_how	mark_burns
paulene_stone	mark_burns
paulene_stone	laurence_harvey
bab_christensen	lasse_kolstad
pierre_gadoys	louise_mauger
manny_villar	cynthia_villar
cynthia_villar	manny_villar
lt_Baroness_StaffordHenry_Stafford_1st_Baron_Staffordgt	ursula_pole
lt_Duke_of_SaxeLauenburgAnne_of_Ostfrieslandgt	julius_henry
lt_Hereditary_Grand_Duchess_of_MecklenburgSchwerinFriedrich_Franz_Hereditary_Grand_Duke_of_MecklenburgSchweringt	karin
lt_Countess_of_DerbyWilliam_Stanley_6th_Earl_of_Derbygt	elizabeth_de_vere
gustavus_crown_prince_of_sweden	princess_louise_amelie_of_baden
vilsoni_hereniko	jeannette_paulson_hereniko
dagen_mcdowell	jonas_max_ferris
noah	naamah_genesis
jason_robert_brown	georgia_stitt
miloš_obrenović_i_prince_of_serbia	ljubica_vukomanović
olu_jacobs	joke_silva
joke_silva	olu_jacobs
albert_einstein	mileva_marić
albert_einstein	elsa_einstein
mileva_marić	albert_einstein
augustus	livia
scribonia	augustus
scribonia	early_life_of_augustus
clodia_pulchra	augustus
clodia_pulchra	early_life_of_augustus
agrippina_the_elder	germanicus
germanicus	agrippina_the_elder
afonso_i_of_portugal	maud_of_savoy
maud_of_savoy	afonso_i_of_portugal
victoria_eugenie_of_battenberg	alfonso_xiii_of_spain
frances_tupper	charles_tupper
aldona_of_lithuania	casimir_iii_the_great
laura_fermi	enrico_fermi
carola_of_vasa	albert_of_saxony
frederick_augustus_ii_of_saxony	archduchess_marie_caroline_of_austria
frederick_augustus_ii_of_saxony	maria_anna_of_bavaria_18051877
archduchess_marie_caroline_of_austria	frederick_augustus_ii_of_saxony
felicia_farr	jack_lemmon
john_wayne	esperanza_baur
john_wayne	pilar_pallete
john_wayne	josephine_wayne
esperanza_baur	john_wayne
pilar_pallete	john_wayne
sarah_knox_taylor	jefferson_davis
philippe_sollers	julia_kristeva
john_of_england	isabella_of_angoulême
isabel_countess_of_gloucester	john_of_england
joe_dimaggio	marilyn_monroe
joe_dimaggio	dorothy_arnold_actress
james_dougherty	marilyn_monroe
faustina_the_younger	marcus_aurelius
stephen_king	tabitha_king
tabitha_king	stephen_king
vipsania_agrippina	tiberius
ermengarde_de_beaumont	william_i_of_scotland
menen_asfaw	haile_selassie_i
catherine_de_medici	henry_ii_of_france
henry_ii_of_france	catherine_de_medici
rudolph_i_of_germany	gertrude_of_hohenburg
rudolph_i_of_germany	isabella_of_burgundy_12701323
gertrude_of_hohenburg	rudolph_i_of_germany
isabella_of_burgundy_12701323	rudolph_i_of_germany
suzy_kendall	dudley_moore
anne_of_great_britain	prince_george_of_denmark
prince_george_of_denmark	anne_of_great_britain
lt_Duchess_of_WindsorEdward_VIII_of_the_United_Kingdomgt	wallis
albert_prince_consort	victoria_of_the_united_kingdom
lt_6th_Earl_of_LeicesterEleanor_of_Leicestergt	simon_de_montfort
nicholas_ii_of_russia	alexandra_feodorovna_alix_of_hesse
lt_2nd_Earl_of_EssexFrances_Walsinghamgt	robert_devereux
lt_1st_Earl_of_LeicesterAmy_Robsartgt	robert_dudley
sigismund_iii_vasa	constance_of_austria
constance_of_austria	sigismund_iii_vasa
henrik_prince_consort_of_denmark	margrethe_ii_of_denmark
david_gest	liza_minnelli
jack_haley_jr	liza_minnelli
louis_bonaparte	hortense_de_beauharnais
hortense_de_beauharnais	louis_bonaparte
leopold_iii_of_belgium	astrid_of_sweden
astrid_of_sweden	leopold_iii_of_belgium
salomea_of_berg	bolesław_iii_wrymouth
zbyslava_of_kiev	bolesław_iii_wrymouth
władysław_i_herman	judith_of_bohemia
władysław_i_herman	judith_of_swabia
judith_of_bohemia	władysław_i_herman
georg_ludwig_von_trapp	maria_von_trapp
maria_von_trapp	georg_ludwig_von_trapp
demi_moore	bruce_willis
demi_moore	ashton_kutcher
qian_zhongshu	yang_jiang
yang_jiang	qian_zhongshu
olav_v_of_norway	princess_märtha_of_sweden
princess_märtha_of_sweden	olav_v_of_norway
mariamne_second_wife_of_herod	herod_the_great
mariamne_third_wife_of_herod	herod_the_great
malthace	herod_the_great
florence_vidor	king_vidor
lt_Holy_Roman_EmperorIsabella_of_Englandgt	frederick_ii
lt_Holy_Roman_EmperorConstance_of_Aragongt	frederick_ii
charles_emmanuel_iii_of_sardinia	countess_palatine_anne_christine_of_sulzbach
charles_emmanuel_iii_of_sardinia	polyxena_of_hesserotenburg
countess_palatine_anne_christine_of_sulzbach	charles_emmanuel_iii_of_sardinia
victor_emmanuel_iii_of_italy	elena_of_montenegro
elena_of_montenegro	victor_emmanuel_iii_of_italy
susan_stephen	nicolas_roeg
anastasia_of_russia	ivan_iv_of_russia
maria_nagaya	ivan_iv_of_russia
henry_hotspur_percy	lady_elizabeth_mortimer
lady_elizabeth_mortimer	henry_hotspur_percy
natalia_brasova	grand_duke_michael_alexandrovich_of_russia
grand_duke_michael_alexandrovich_of_russia	natalia_brasova
charles_vii_of_france	marie_of_anjou
marie_of_anjou	charles_vii_of_france
lt_Prince_ConsortVictoria_of_the_United_Kingdomgt	albert
philip_i_of_france	bertrade_de_montfort
philip_i_of_france	bertha_of_holland
bertrade_de_montfort	philip_i_of_france
bertha_of_holland	philip_i_of_france
norodom_monineath_sihanouk	norodom_sihanouk
ahmosenefertari	ahmose_i
ahmosehenuttamehu	ahmose_i
ahmosesitkamose	ahmose_i
amelia_earhart	george_p_putnam
george_p_putnam	amelia_earhart
rené_of_anjou	jeanne_de_laval
isabella_duchess_of_lorraine	rené_of_anjou
jeanne_de_laval	rené_of_anjou
akhenaten	nefertiti
nefertiti	akhenaten
kiya	akhenaten
ankhesenamun	akhenaten
ankhesenamun	ay
the_younger_lady_mummy	akhenaten
lilli_palmer	rex_harrison
lilli_palmer	carlos_thompson
elizabeth_reeswilliams	rex_harrison
elizabeth_reeswilliams	richard_harris
gustav_iv_adolf_of_sweden	frederica_of_baden
frederica_of_baden	gustav_iv_adolf_of_sweden
princess_margaret_of_connaught	gustaf_vi_adolf_of_sweden
gustaf_vi_adolf_of_sweden	princess_margaret_of_connaught
gustaf_vi_adolf_of_sweden	louise_mountbatten
maureen_haughey	charles_haughey
paul_pelosi	nancy_pelosi
francis_duke_of_cádiz	isabella_ii_of_spain
ferdinand_vii_of_spain	maria_josepha_of_saxony
ferdinand_vii_of_spain	maria_christina_of_the_two_sicilies
maria_josepha_of_saxony	ferdinand_vii_of_spain
anne_catherine_of_brandenburg	christian_iv_of_denmark
kirsten_munk	christian_iv_of_denmark
frederick_viii_of_denmark	louise_of_sweden
louise_of_sweden	frederick_viii_of_denmark
lt_Holy_Roman_EmperorMaria_Anna_of_Bavaria_15741616gt	ferdinand_ii
john_i_of_aragon	violant_of_bar
john_i_of_aragon	martha_of_armagnac
violant_of_bar	john_i_of_aragon
martha_of_armagnac	john_i_of_aragon
juana_enríquez	john_ii_of_aragon
lt_Prince_Consort_of_DenmarkMargrethe_II_of_Denmarkgt	henrik
richard_6th_prince_of_saynwittgensteinberleburg	princess_benedikte_of_denmark
queen_annemarie_of_greece	constantine_ii_of_greece
constantine_ii_of_greece	queen_annemarie_of_greece
ferdinand_i_of_portugal	leonor_telles_de_menezes
leonor_telles_de_menezes	ferdinand_i_of_portugal
christine_chow_ma	ma_yingjeou
tiye	amenhotep_iii
amenhotep_iii	tiye
amenhotep_iii	gilukhipa
amenhotep_iii	sitamun
amenhotep_iii	iset_daughter_of_amenhotep_iii
laurence_harvey	margaret_leighton
dina_merrill	cliff_robertson
dina_merrill	ted_hartley
louise_dresser	jack_norworth
lt_Duke_of_OrléansDuchess_Helen_of_MecklenburgSchweringt	prince_ferdinand_philippe
judy_carne	burt_reynolds
keely_shaye_smith	pierce_brosnan
gaius_caesar	livilla_sister_of_claudius
livilla_sister_of_claudius	gaius_caesar
helena_angelina_doukaina	manfred_of_sicily
marie_prevost	kenneth_harlan
leopold_i_of_belgium	princess_charlotte_of_wales
leopold_i_of_belgium	louise_of_orléans
abdullah_i_of_jordan	musbah_bint_nasser
musbah_bint_nasser	abdullah_i_of_jordan
bhumibol_adulyadej	sirikit
sirikit	bhumibol_adulyadej
savang_vatthana	khamphoui
lt_Crown_Prince_of_AustriaPrincess_Stéphanie_of_Belgiumgt	rudolf
lt_Duke_of_GloucesterEleanor_Cobhamgt	humphrey
fuad_ii_of_egypt	dominiquefrance_picard
dominiquefrance_picard	fuad_ii_of_egypt
janet_suzman	trevor_nunn
fuad_i_of_egypt	nazli_sabri
nazli_sabri	fuad_i_of_egypt
catherine_of_hungary_queen_of_serbia	stephen_dragutin_of_serbia
blanche_barton	anton_lavey
ludovico_sforza	beatrice_deste
beatrice_deste	ludovico_sforza
mongkut	debsirindra
mongkut	pannarai
mongkut	piam
mongkut	soamanas_vadhanavadi
debsirindra	mongkut
pannarai	mongkut
augustus_iii_of_poland	maria_josepha_of_austria
maria_josepha_of_austria	augustus_iii_of_poland
frederick_ii_holy_roman_emperor	isabella_ii_of_jerusalem
frederick_ii_holy_roman_emperor	isabella_of_england
empress_feng_qing	emperor_xiaowen_of_northern_wei
guangxu_emperor	empress_dowager_longyu
guangxu_emperor	imperial_consort_zhen
guangxu_emperor	imperial_consort_jin
empress_dowager_longyu	guangxu_emperor
ferdinando_i_de_medici_grand_duke_of_tuscany	christina_of_lorraine
lt_Countess_of_AthloneAlexander_Cambridge_1st_Earl_of_Athlonegt	princess_alice
lt_1st_Earl_of_AthlonePrincess_Alice_Countess_of_Athlonegt	alexander_cambridge
lt_Duke_of_OrléansMarie_de_Bourbon_Duchess_of_Montpensiergt	gaston
johann_wilhelm_elector_palatine	anna_maria_luisa_de_medici
johann_wilhelm_elector_palatine	archduchess_maria_anna_josepha_of_austria
lt_Grand_Duke_of_TuscanyAnna_Maria_Franziska_of_SaxeLauenburggt	gian_gastone_de_medici
rudolf_crown_prince_of_austria	princess_stéphanie_of_belgium
lt_Duke_of_FlorenceMargaret_of_Parmagt	alessandro_de_medici
lt_JrPatricia_Buckleygt	william_f_buckley
alexander_ii_of_russia	catherine_dolgorukov
alexander_ii_of_russia	maria_alexandrovna_marie_of_hesse
lt_Duke_of_BraganzaPrincess_Maria_Theresa_of_LöwensteinWertheimRosenberggt	miguel
charles_xi_of_sweden	ulrika_eleonora_of_denmark
jake_hooker_musician	lorna_luft
robert_taylor_actor	ursula_thiess
emperor_wu_of_han	empress_wei_zifu
empress_chen_jiao	emperor_wu_of_han
lt_Countess_of_HainaultLouis_IV_Holy_Roman_Emperorgt	margaret_ii
agnes_of_babenberg	władysław_ii_the_exile
paul_merton	caroline_quentin
francis_i_of_the_two_sicilies	archduchess_maria_clementina_of_austria
francis_i_of_the_two_sicilies	maría_isabella_of_spain
archduchess_maria_clementina_of_austria	francis_i_of_the_two_sicilies
rattanbai_petit	muhammad_ali_jinnah
emibai_jinnah	muhammad_ali_jinnah
lt_Prince_of_VianaAgnes_of_Clevesgt	charles
barbara_rush	jeffrey_hunter
lt_Earl_of_StaffordMargaret_Beaufort_Countess_of_Staffordgt	humphrey_stafford
lt_2nd_Earl_of_NorthumberlandEleanor_Percy_Countess_of_Northumberlandgt	henry_percy
lt_Duke_of_BrabantAdelaide_of_Burgundy_12331273gt	henry_iii
lt_Duke_of_BrabantSophie_of_Thuringia_Duchess_of_Brabantgt	henry_ii
richard_fitzalan_10th_earl_of_arundel	eleanor_of_lancaster
sophie_grégoire	justin_trudeau
xu_zhimo	zhang_youyi
zhang_youyi	xu_zhimo
vajiravudh	suvadhana
vajiravudh	laksamilawan
vajiravudh	indrasakdi_sachi
vajiravudh	sucharit_suda
suvadhana	vajiravudh
nicky_arnstein	fanny_brice
stephen_ii_count_of_blois	adela_of_normandy
nancy_sorrell	vic_reeves
john_of_saxony	amalie_auguste_of_bavaria
amalie_auguste_of_bavaria	john_of_saxony
alessandro_de_medici_duke_of_florence	margaret_of_parma
shelley_jackson	jonathan_lethem
thomas_jefferson	martha_jefferson
lt_Duke_of_LorraineCatherine_de_Bourbongt	henry_ii
lt_Duke_of_LorraineMargerita_Gonzagagt	henry_ii
simon_de_montfort_6th_earl_of_leicester	eleanor_of_leicester
tad_martin	brooke_english
brooke_english	adam_chandler
brooke_english	tad_martin
brooke_english	tom_cudahy
vlad_iii_the_impaler	ilona_szilágyi
ilona_szilágyi	vlad_iii_the_impaler
ken_olin	patricia_wettig
patricia_wettig	ken_olin
agafia_of_rus	konrad_i_of_masovia
prajadhipok	rambhai_barni
rambhai_barni	prajadhipok
maria_laskarina	béla_iv_of_hungary
minnie_marx	sam_marx
sam_marx	minnie_marx
rhea_pillai	sanjay_dutt
rhea_pillai	leander_paes
lt_1st_Duke_of_LancasterIsabel_of_Beaumontgt	henry_of_grosmont
claire_bloom	rod_steiger
philip_roth	claire_bloom
manuel_i_of_portugal	eleanor_of_austria
lynn_bari	sidney_luft
camille_keaton	sidney_luft
camille_keaton	meir_zarchi
grand_duchess_olga_alexandrovna_of_russia	nikolai_kulikovsky
nikolai_kulikovsky	grand_duchess_olga_alexandrovna_of_russia
johanna_ray	aldo_ray
lt_Lady_RichRobert_Rich_1st_Earl_of_Warwickgt	penelope_rich
adam_kazimierz_czartoryski	izabela_czartoryska
lucius_aemilius_paullus_consul_1	julia_the_younger
lt_Archduke_of_AustriaAnne_Juliana_Gonzagagt	ferdinand_ii
lt_Archduke_of_AustriaPhilippine_Welsergt	ferdinand_ii
buddha_loetla_nabhalai	sri_sulalai
buddha_loetla_nabhalai	sri_suriyendra
sri_sulalai	buddha_loetla_nabhalai
lt_Duchess_of_BuckinghamRichard_Wingfieldgt	catherine_woodville
jonathan_harker	mina_harker
lt_Queen_of_PolandSigismund_III_Vasagt	anne_of_austria
al_lee	lilyan_tashman
lt_Elector_PalatineAnna_Maria_Luisa_de_Medicigt	johann_wilhelm
anne_jeffreys	robert_sterling
lt_Duke_of_HolsteinGottorpGrand_Duchess_Anna_Petrovna_of_Russiagt	charles_frederick
lt_Grand_Duke_of_TuscanyArchduchess_Maria_Maddalena_of_Austriagt	cosimo_ii_de_medici
lt_Grand_Duke_of_TuscanyChristina_of_Lorrainegt	ferdinando_i_de_medici
lt_Count_of_BoulogneIsabel_de_Warenne_4th_Countess_of_Surreygt	william_i
lt_Elector_of_SaxonyEleonore_Erdmuthe_of_SaxeEisenachgt	john_george_iv
sandy_cohen	kirsten_cohen
lt_Queen_of_CastileJohn_I_of_Castilegt	eleanor_of_aragon
lt_Duke_of_ParmaPrincess_Maria_Pia_of_BourbonTwo_Sicilies_18491882gt	robert_i
archduchess_elisabeth_franziska_of_austria	archduke_ferdinand_karl_viktor_of_austriaeste
archduke_ferdinand_karl_viktor_of_austriaeste	archduchess_elisabeth_franziska_of_austria
phillip_spaulding	olivia_spencer
phillip_spaulding	harley_cooper
phillip_spaulding	beth_rainesspaulding
phillip_spaulding	blake_marler
phillip_spaulding	mindy_lewis
harley_cooper	phillip_spaulding
harley_cooper	gus_aitoro
harley_cooper	alanmichael_spaulding
gus_aitoro	harley_cooper
gus_aitoro	natalia_rivera_aitoro
ken_barlow_coronation_street	valerie_barlow
anne_stallybrass	peter_gilmore
jan_waters	peter_gilmore
tun_fatimah	mahmud_shah_of_malacca
henry_washington_younger	bersheba_leighton_fristoe
bersheba_leighton_fristoe	henry_washington_younger
germaine_of_foix	ferdinand_ii_of_aragon
ferdinand_ii_of_aragon	germaine_of_foix
ferdinand_ii_of_aragon	isabella_i_of_castile
ralph_evinrude	frances_langford
cesare_deste_duke_of_modena	virginia_de_medici
lt_Princess_of_MonacoJacques_I_Prince_of_Monacogt	louise_hippolyte
valdemar_ii_of_denmark	berengaria_of_portugal
valdemar_ii_of_denmark	dagmar_of_bohemia
lt_10th_Duke_of_BeaufortMary_Somerset_Duchess_of_Beaufortgt	henry_somerset
lt_Duchess_of_BeaufortHenry_Somerset_10th_Duke_of_Beaufortgt	mary_somerset
lt_Prince_NapoléonPrincess_Clémentine_of_Belgiumgt	victor
michelle_vieth	héctor_soberón
liang_sicheng	lin_huiyin
lin_huiyin	liang_sicheng
lt_Duke_of_BavariaArchduchess_Anna_of_Austriagt	albert_v
lt_Empress_Xian_ChunQianlong_Emperorgt	fuca
sam_bennett	grace_bennett
tony_gates	neela_rasgotra
michael_gallant	neela_rasgotra
gaston_iv_count_of_foix	eleanor_of_navarre
lt_Duke_of_ParmaArchduchess_Maria_Amalia_of_Austriagt	ferdinand
princess_anne_of_denmark	prince_george_valdemar_of_denmark
prince_george_valdemar_of_denmark	princess_anne_of_denmark
lt_6th_Marquess_of_BristolLady_Juliet_Tadgellgt	victor_hervey
theodore_roosevelt	alice_hathaway_lee_roosevelt
lt_SrMartha_Bulloch_Rooseveltgt	theodore_roosevelt
theodore_roosevelt_sr	martha_bulloch_roosevelt
prince_alexander_of_belgium	princess_léa_of_belgium
princess_léa_of_belgium	prince_alexander_of_belgium
henry_vii_holy_roman_emperor	margaret_of_brabant
dorian_lord	david_vickers
dorian_lord	mitch_laurence
dorian_lord	lord_family
david_vickers	dorian_lord
david_vickers	tina_lord
david_vickers	cramer_family
mitch_laurence	dorian_lord
mitch_laurence	natalie_buchanan
charles_frederick_duke_of_holsteingottorp	grand_duchess_anna_petrovna_of_russia
robert_symington_baker	arcadia_bandini_de_stearns_baker
lt_6th_Prince_of_SaynWittgensteinBerleburgPrincess_Benedikte_of_Denmarkgt	richard
lt_Duke_of_CádizIsabella_II_of_Spaingt	francis
mark_antony	octavia_the_younger
mark_antony	cleopatra_vii
gaius_claudius_marcellus_minor	octavia_the_younger
marcus_atius	julia_caesaris_sister_of_julius_caesar
humphrey_duke_of_gloucester	eleanor_cobham
ferdinand_duke_of_parma	archduchess_maria_amalia_of_austria
louise_mountbatten	gustaf_vi_adolf_of_sweden
lt_Countess_of_NorthumberlandHenry_Percy_9th_Earl_of_Northumberlandgt	dorothy_percy
lt_Countess_of_GloucesterHubert_de_Burgh_1st_Earl_of_Kentgt	isabel
lt_Countess_of_GloucesterGeoffrey_FitzGeoffrey_de_Mandeville_2nd_Earl_of_Essexgt	isabel
janelle_timmins	allan_steiger
janelle_timmins	kim_timmins
allan_steiger	janelle_timmins
allan_steiger	christine_rodd
lt_Queen_of_NaplesCharles_II_of_Naplesgt	mary_of_hungary
tipper_gore	al_gore
tipper_gore	vice_presidency_of_al_gore
lt_Princess_of_Asturias_14701498Manuel_I_of_Portugalgt	isabella
catherine_willis_gray	prince_achille_murat
lt_Duchess_of_BrabantJohn_II_Duke_of_Brabantgt	margaret_of_england
erica_kane	adam_chandler
erica_kane	dimitri_marick
erica_kane	jackson_montgomery
erica_kane	jeff_martin_all_my_children
erica_kane	travis_montgomery
erica_kane	tom_cudahy
gloria_marsh	adam_chandler
gloria_marsh	dimitri_marick
grand_duke_alexander_mikhailovich_of_russia	grand_duchess_xenia_alexandrovna_of_russia
grand_duchess_xenia_alexandrovna_of_russia	grand_duke_alexander_mikhailovich_of_russia
cosimo_ii_de_medici_grand_duke_of_tuscany	archduchess_maria_maddalena_of_austria
lt_Duke_of_SaxeAltenburgDuchess_Charlotte_Georgine_of_MecklenburgStrelitzgt	frederick
infante_juan_count_of_barcelona	princess_maría_de_las_mercedes_of_bourbontwo_sicilies
lt_Prince_of_HohenzollernPrincess_Josephine_of_Badengt	charles_anthony
soha_ali_khan	kunal_khemu
christine_rodd	allan_steiger
eugene_maurice_count_of_soissons	olympia_mancini
john_de_mowbray_3rd_baron_mowbray	joan_of_lancaster
neely_edwards	marguerite_snow
lt_Duke_of_VendômeCharles_Amadeus_Duke_of_Nemoursgt	louis
lt_Empress_Yi_ChunQianlong_Emperorgt	weijiya
annie_lavery	ryan_lavery
lt_Duke_of_ModenaVirginia_de_Medicigt	cesare_deste
lt_Countess_of_StaffordHumphrey_Stafford_Earl_of_Staffordgt	margaret_beaufort
malcolm_winters	olivia_winters
prince_alexander_of_saxegessaphe	princess_gisela_of_bavaria
princess_gisela_of_bavaria	prince_alexander_of_saxegessaphe
lt_Duke_of_ModenaMaria_Caterina_Farnesegt	francesco_i_deste
lt_Duke_of_ModenaLucrezia_Barberinigt	francesco_i_deste
jennifer_rappaport	rex_balsom
jennifer_rappaport	joey_buchanan
lt_Duke_of_DalarnaPrincess_Therese_of_SaxeAltenburggt	prince_august
lindsay_rappaport	clint_buchanan
lt_Duke_of_CastroChantal_de_ChevronVillettegt	prince_ferdinand
lt_the_Step_EmpressQianlong_Emperorgt	ulanara
samuel_wesley_poet	susanna_wesley
miguel_of_portugal	adelaide_of_löwensteinwertheimrosenberg
charles_anthony_prince_of_hohenzollern	princess_josephine_of_baden
lt_Prince_of_MonacoLouise_Hippolyte_Princess_of_Monacogt	jacques_i
cécile_de_maron	johannes_von_lahnstein
cécile_de_maron	leonard_von_lahnstein
elisabeth_von_lahnstein	johannes_von_lahnstein
natalia_rivera_aitoro	gus_aitoro
lt_Countess_of_PonthieuFerdinand_III_of_Castilegt	joan
ernest_louis_grand_duke_of_hesse	princess_eleonore_of_solmshohensolmslich
princess_joséphine_caroline_of_belgium	prince_karl_anton_of_hohenzollern
prince_karl_anton_of_hohenzollern	princess_joséphine_caroline_of_belgium
albert_v_duke_of_bavaria	archduchess_anna_of_austria
robert_i_duke_of_parma	infanta_maria_antonia_of_portugal
robert_i_duke_of_parma	princess_maria_pia_of_bourbontwo_sicilies_18491882
lt_JrLiza_Minnelligt	jack_haley
lt_Countess_of_ChathamWilliam_Pitt_1st_Earl_of_Chathamgt	hester_pitt
charles_albert_of_sardinia	maria_theresa_of_austria_18011855
anna_rice_cooke	charles_montague_cooke
charles_montague_cooke	anna_rice_cooke
charles_amadeus_duke_of_nemours	ltÉlisabeth_de_Bourbongt
magnus_iii_of_sweden	hedwig_of_holstein
prince_franz_of_bavaria	princess_isabella_antonie_of_croÿ
princess_isabella_antonie_of_croÿ	prince_franz_of_bavaria
lt_Duchess_of_MontpensierGaston_Duke_of_Orléansgt	marie_de_bourbon
louis_ix_landgrave_of_hessedarmstadt	countess_palatine_caroline_of_zweibrücken
kinoiki_kekaulike	kūhiō_kalanianaole
lt_7th_Baroness_HaringtonHenry_Stafford_1st_Earl_of_Wiltshiregt	cecily_bonville
lamar_odom	khloé_kardashian
frederick_francis_iv_grand_duke_of_mecklenburg	princess_alexandra_of_hanover_18821963
lt_Dowager_Duchess_of_CalabriaInfante_Alfonso_Duke_of_Calabriagt	infanta_alicia
todd_manning	téa_delgado
todd_manning	blair_cramer
ross_rayburn	téa_delgado
wallis_duchess_of_windsor	edward_viii_of_the_united_kingdom
isabella_i_of_castile	ferdinand_ii_of_aragon
gaston_duke_of_orléans	marguerite_of_lorraine
melinda_gebbie	alan_moore
romano_mussolini	benito_mussolini
edda_mussolini	benito_mussolini
rachele_mussolini	benito_mussolini
ida_dalser	benito_mussolini
vittorio_mussolini	benito_mussolini
bruno_mussolini	benito_mussolini
charles_augustus_grand_duke_of_saxeweimareisenach	princess_louise_of_hessedarmstadt_17571830
lt_Countess_of_NorthamptonEdmund_Mortimergt	elizabeth_de_badlesmere
lt_Countess_of_NorthamptonWilliam_de_Bohun_1st_Earl_of_Northamptongt	elizabeth_de_badlesmere
prince_henry_count_of_bardi	princess_maria_luisa_immaculata_of_bourbontwo_sicilies
lt_Count_of_BardiPrincess_Maria_Luisa_Immaculata_of_BourbonTwo_Siciliesgt	prince_henry
lt_Duchess_of_LorraineCharles_IV_Duke_of_Lorrainegt	nicole
prince_ferdinand_duke_of_castro	chantal_de_chevronvillette
ferdinando_de_medici_grand_prince_of_tuscany	duchess_violante_beatrice_of_bavaria
michelle_obama	presidency_of_barack_obama
michelle_obama	barack_obama
michelle_obama	illinois_senate_career_of_barack_obama
michelle_obama	united_states_senate_career_of_barack_obama
alfonso_ii_of_naples	ippolita_maria_sforza
leo_tolstoy	sophia_tolstaya
prince_august_duke_of_dalarna	princess_therese_of_saxealtenburg
leopold_ii_grand_duke_of_tuscany	princess_maria_anna_of_saxony_17991832
leopold_ii_grand_duke_of_tuscany	princess_maria_antonia_of_the_two_sicilies
lt_Queen_of_HungaryLadislaus_IV_of_Hungarygt	elizabeth_of_sicily
valdemar_iv_of_denmark	helvig_of_schleswig
louis_iv_holy_roman_emperor	beatrice_of_silesia
lt_Countess_of_ToulouseEustace_IV_Count_of_Boulognegt	constance_of_france
lt_Countess_of_ArgyllArchibald_Campbell_7th_Earl_of_Argyllgt	agnes_douglas
lt_Countess_of_OxfordJohn_de_Vere_7th_Earl_of_Oxfordgt	maud_de_badlesmere
lt_Lady_of_ThomondThomas_de_Clare_Lord_of_Thomondgt	juliana_fitzgerald
miguel_duke_of_braganza	princess_maria_theresa_of_löwensteinwertheimrosenberg
frederick_duke_of_saxealtenburg	duchess_charlotte_georgine_of_mecklenburgstrelitz
lt_Princess_of_ScotlandConan_IV_Duke_of_Brittanygt	margaret_of_huntingdon
lt_Princess_of_ScotlandHumphrey_III_de_Bohungt	margaret_of_huntingdon
lt_Queen_of_SerbiaStephen_Dragutin_of_Serbiagt	catherine_of_hungary
richard_pryor	deborah_mcguire
lt_Countess_of_UlsterWilliam_Donn_de_Burgh_3rd_Earl_of_Ulstergt	maud_of_lancaster
william_stafford_courtier	dorothy_stafford
edward_de_vere_17th_earl_of_oxford	anne_cecil
thomas_de_camoys_1st_baron_camoys	lady_elizabeth_mortimer
ferdinand_iii_grand_duke_of_tuscany	princess_maria_ferdinanda_of_saxony
victor_hervey_6th_marquess_of_bristol	lady_juliet_tadgell
lt_Duchess_of_RohanHenri_Chabotgt	marguerite
lt_Countess_of_OxfordEdward_de_Vere_17th_Earl_of_Oxfordgt	elizabeth_trentham
lt_Duchess_of_BrabantHenry_II_Duke_of_Brabantgt	sophie_of_thuringia
lt_Duchess_of_BrabantDuke_of_Lothiergt	sophie_of_thuringia
francesco_i_deste_duke_of_modena	maria_caterina_farnese
francesco_i_deste_duke_of_modena	lucrezia_barberini
agrippina_the_younger	claudius
claudius	agrippina_the_younger
gnaeus_domitius_ahenobarbus_consul_32	agrippina_the_younger
marie_de_coucy	alexander_ii_of_scotland
joan_of_england_queen_of_scots	alexander_ii_of_scotland
alfonso_xii_of_spain	maria_christina_of_austria
alfonso_xii_of_spain	mercedes_of_orléans
maria_christina_of_austria	alfonso_xii_of_spain
mercedes_of_orléans	alfonso_xii_of_spain
andrew_ii_of_hungary	gertrude_of_merania
gertrude_of_merania	andrew_ii_of_hungary
yolanda_de_courtenay	andrew_ii_of_hungary
aelia_eudoxia	arcadius
lollia_paulina	caligula
milonia_caesonia	caligula
livia_orestilla	caligula
junia_claudilla	caligula
henry_viii_of_england	catherine_of_aragon
arthur_prince_of_wales	catherine_of_aragon
adelaide_of_hesse	casimir_iii_the_great
eileen_oshaughnessy	george_orwell
sonia_brownell	george_orwell
john_cleese	connie_booth
john_cleese	alyce_faye_eichelberger
connie_booth	john_cleese
alyce_faye_eichelberger	john_cleese
jay_leno	mavis_leno
mavis_leno	jay_leno
isabella_of_angoulême	john_of_england
louis_ix_of_france	margaret_of_provence
margaret_of_provence	louis_ix_of_france
lt_JrCoretta_Scott_Kinggt	martin_luther_king
lt_Queen_of_ScotsFrancis_II_of_Francegt	mary
nancy_reagan	ronald_reagan
ronald_reagan	nancy_reagan
ronald_reagan	jane_wyman
jane_wyman	ronald_reagan
rupert_murdoch	wendi_deng
wendi_deng	rupert_murdoch
salman_rushdie	padma_lakshmi
padma_lakshmi	salman_rushdie
marianne_wiggins	salman_rushdie
miriam_stoppard	tom_stoppard
alice_hathaway_lee_roosevelt	theodore_roosevelt
vladimir_nabokov	vera_nabokov
vera_nabokov	vladimir_nabokov
virginia_woolf	leonard_woolf
leonard_woolf	virginia_woolf
joan_vollmer	william_s_burroughs
matilda_of_flanders	william_the_conqueror
charles_xv_of_sweden	louise_of_the_netherlands
louise_of_the_netherlands	charles_xv_of_sweden
william_iv_of_the_united_kingdom	adelaide_of_saxemeiningen
adelaide_of_saxemeiningen	william_iv_of_the_united_kingdom
catherine_ii_of_russia	peter_iii_of_russia
peter_iii_of_russia	catherine_ii_of_russia
bruttia_crispina	commodus
edward_i_of_england	eleanor_of_castile
eleanor_of_castile	edward_i_of_england
edward_vii_of_the_united_kingdom	alexandra_of_denmark
alexandra_of_denmark	edward_vii_of_the_united_kingdom
george_v_of_the_united_kingdom	mary_of_teck
mary_of_teck	george_v_of_the_united_kingdom
lt_Duchess_of_WindsorErnest_Aldrich_Simpsongt	wallis
lt_Duchess_of_WindsorEarl_Winfield_Spencer_Jrgt	wallis
henry_vi_of_england	margaret_of_anjou
margaret_of_anjou	henry_vi_of_england
francis_i_holy_roman_emperor	maria_theresa_of_austria
lt_Elector_of_SaxonyMaria_Antonia_Walpurgis_of_Bavariagt	frederick_christian
lt_1st_Duke_of_LancasterBlanche_of_Lancastergt	john_of_gaunt
boris_iii_of_bulgaria	giovanna_of_italy
giovanna_of_italy	boris_iii_of_bulgaria
frederick_ii_of_denmark	sophie_of_mecklenburggüstrow
sophie_of_mecklenburggüstrow	frederick_ii_of_denmark
henry_iv_of_france	marie_de_medici
henry_iv_of_france	margaret_of_valois
marie_de_medici	henry_iv_of_france
margaret_of_valois	henry_iv_of_france
judith_of_swabia	władysław_i_herman
julius_caesar	cleopatra_vii
rod_steiger	claire_bloom
joseph_bonaparte	julie_clary
julie_clary	joseph_bonaparte
eugénie_de_montijo	napoleon_iii
joséphine_de_beauharnais	napoleon_i
napoleon_i	joséphine_de_beauharnais
alexandre_de_beauharnais	joséphine_de_beauharnais
václav_havel	olga_havlová
václav_havel	dagmar_havlová
olga_havlová	václav_havel
harald_v_of_norway	queen_sonja_of_norway
queen_sonja_of_norway	harald_v_of_norway
lt_Duke_of_SavoyMarie_Jeanne_of_Savoygt	charles_emmanuel_ii
lt_Duke_of_SavoyFrançoise_Madeleine_dOrléansgt	charles_emmanuel_ii
anne_marie_dorléans	victor_amadeus_ii_of_sardinia
victor_emmanuel_ii_of_italy	maria_adelaide_of_austria
maria_adelaide_of_austria	victor_emmanuel_ii_of_italy
rosa_vercellana	victor_emmanuel_ii_of_italy
louis_xi_of_france	charlotte_of_savoy
charlotte_of_savoy	louis_xi_of_france
mary_queen_of_scots	francis_ii_of_france
lt_Holy_Roman_EmperorIsabella_of_Portugalgt	charles_v
lt_1st_Earl_of_WiltshireElizabeth_Boleyn_Countess_of_Wiltshiregt	thomas_boleyn
christian_x_of_denmark	alexandrine_of_mecklenburgschwerin
alexandrine_of_mecklenburgschwerin	christian_x_of_denmark
anna_komnena_angelina	theodore_i_laskaris
philippa_of_armenia	theodore_i_laskaris
marie_de_courtenay	theodore_i_laskaris
lt_Queen_of_EnglandHenry_IV_of_Englandgt	joan_of_navarre
juan_carlos_i_of_spain	queen_sofía_of_spain
queen_sofía_of_spain	juan_carlos_i_of_spain
lt_Duke_of_BrabantMarie_dÉvreuxgt	john_iii
lt_Duke_of_BrabantMathilde_of_Flandersgt	henry_i
henry_iii_of_france	louise_of_lorraine
louise_of_lorraine	henry_iii_of_france
lt_3rd_Earl_of_EssexFrances_Carr_Countess_of_Somersetgt	robert_devereux
louis_vi_of_france	adelaide_of_maurienne
lucienne_de_rochefort	louis_vi_of_france
marie_of_luxembourg_queen_of_france	charles_iv_of_france
lt_1st_Earl_of_CornwallIsabel_Marshalgt	richard
felix_yusupov	princess_irina_alexandrovna_of_russia
princess_irina_alexandrovna_of_russia	felix_yusupov
christian_ix_of_denmark	louise_of_hessekassel
louise_of_hessekassel	christian_ix_of_denmark
will_self	deborah_orr
deborah_orr	will_self
harold_pinter	antonia_fraser
antonia_fraser	harold_pinter
vivien_merchant	harold_pinter
ayelet_waldman	michael_chabon
jessica_seinfeld	jerry_seinfeld
gustaf_v_of_sweden	victoria_of_baden
victoria_of_baden	gustaf_v_of_sweden
ulrika_eleonora_of_sweden	frederick_of_sweden
peter_iv_of_aragon	eleanor_of_sicily
peter_iv_of_aragon	maria_of_navarre
peter_iv_of_aragon	sibila_of_fortia
eleanor_of_portugal_queen_of_aragon	peter_iv_of_aragon
eleanor_of_sicily	peter_iv_of_aragon
maria_of_navarre	peter_iv_of_aragon
sibila_of_fortia	peter_iv_of_aragon
albert_ii_of_belgium	queen_paola_of_belgium
queen_paola_of_belgium	albert_ii_of_belgium
lucilla	lucius_verus
anne_of_kiev	henry_i_of_france
henry_i_of_france	anne_of_kiev
vasili_iii_of_russia	elena_glinskaya
vasili_iii_of_russia	solomonia_saburova
elena_glinskaya	vasili_iii_of_russia
solomonia_saburova	vasili_iii_of_russia
lt_Holy_Roman_EmperorMaria_Theresa_of_Austriagt	francis_i
maria_christina_of_the_two_sicilies	ferdinand_vii_of_spain
charles_iii_of_spain	maria_amalia_of_saxony
maria_amalia_of_saxony	charles_iii_of_spain
lt_Holy_Roman_EmperorMaria_Ana_of_Austriagt	ferdinand_iii
lt_Holy_Roman_EmperorEleonora_Gonzaga_16301686gt	ferdinand_iii
lt_Holy_Roman_EmperorMaria_Leopoldine_of_Austriagt	ferdinand_iii
lt_German_EmperorVictoria_Princess_Royalgt	frederick_iii
joanna_of_castile	philip_i_of_castile
philip_i_of_castile	joanna_of_castile
zita_of_bourbonparma	charles_i_of_austria
charles_i_of_austria	zita_of_bourbonparma
ferdinand_ii_of_the_two_sicilies	maria_christina_of_savoy
maria_christina_of_savoy	ferdinand_ii_of_the_two_sicilies
margaret_leighton	laurence_harvey
ted_hartley	dina_merrill
ludwig_i_of_bavaria	therese_of_saxehildburghausen
therese_of_saxehildburghausen	ludwig_i_of_bavaria
lord_guilford_dudley	lady_jane_grey
lady_jane_grey	lord_guilford_dudley
prince_carl_duke_of_västergötland	princess_ingeborg_of_denmark
ferdinand_i_of_the_two_sicilies	maria_carolina_of_austria
ferdinand_i_of_the_two_sicilies	lucia_migliaccio
maria_carolina_of_austria	ferdinand_i_of_the_two_sicilies
lt_Duke_of_ParmaMargaret_of_Parmagt	ottavio_farnese
lt_Prince_of_WalesCatherine_of_Aragongt	arthur
ashton_kutcher	demi_moore
freddy_moore	demi_moore
maximilian_i_of_mexico	charlotte_of_belgium
charlotte_of_belgium	maximilian_i_of_mexico
margherita_of_savoy	umberto_i_of_italy
umberto_i_of_italy	margherita_of_savoy
frederick_iv_of_denmark	anne_sophie_reventlow
louise_of_mecklenburggüstrow	frederick_iv_of_denmark
elisabeth_helene_von_vieregg	frederick_iv_of_denmark
henry_vi_holy_roman_emperor	constance_of_sicily
john_ii_casimir_vasa	marie_louise_gonzaga
claudine_françoise_mignot	john_ii_casimir_vasa
hussein_of_jordan	queen_noor_of_jordan
hussein_of_jordan	alia_alhussein
hussein_of_jordan	princess_muna_alhussein
hussein_of_jordan	dina_bint_abdulhamid
henry_iv_of_england	mary_de_bohun
lt_1st_Duke_of_BedfordJacquetta_of_Luxembourggt	john_of_lancaster
svetoslav_roerich	devika_rani
frederick_william_iii_of_prussia	louise_of_mecklenburgstrelitz
louise_of_mecklenburgstrelitz	frederick_william_iii_of_prussia
auguste_von_harrach	frederick_william_iii_of_prussia
carol_i_of_romania	elisabeth_of_wied
elisabeth_of_wied	carol_i_of_romania
lt_Grand_Duke_of_TuscanyEleanor_of_Toledogt	cosimo_i_de_medici
lt_Grand_Duke_of_TuscanyCamilla_Martelligt	cosimo_i_de_medici
dan_gilroy	rene_russo
john_of_lancaster_1st_duke_of_bedford	jacquetta_of_luxembourg
lt_3rd_Duke_of_NorfolkAnne_of_York_Countess_of_Surreygt	thomas_howard
helena_of_bulgaria	stephen_uroš_iv_dušan_of_serbia
lt_1st_Earl_RiversJacquetta_of_Luxembourggt	richard_woodville
wenceslaus_ii_of_bohemia	judith_of_habsburg
judith_of_habsburg	wenceslaus_ii_of_bohemia
mécia_lopes_de_haro	sancho_ii_of_portugal
peter_i_of_portugal	inês_de_castro
constance_of_peñafiel	peter_i_of_portugal
stephanie_of_hohenzollernsigmaringen	peter_v_of_portugal
lt_Princess_RoyalFrederick_III_German_Emperorgt	victoria
david_mamet	rebecca_pidgeon
francis_duke_of_saxecoburgsaalfeld	countess_augusta_reuss_of_ebersdorf
baudouin_of_belgium	fabiola_of_belgium
prince_joachim_of_denmark	princess_marie_of_denmark
alexandra_countess_of_frederiksborg	prince_joachim_of_denmark
princess_marie_of_denmark	prince_joachim_of_denmark
lt_Duchess_of_ArgyllJohn_Campbell_9th_Duke_of_Argyllgt	princess_louise
lt_Duke_of_UrbinoMadeleine_de_La_Tour_dAuvergnegt	lorenzo_ii_de_medici
lt_Count_of_BarcelonaPetronila_of_Aragongt	ramon_berenguer_iv
princess_helena_of_the_united_kingdom	prince_christian_of_schleswigholstein
prince_christian_of_schleswigholstein	princess_helena_of_the_united_kingdom
ursula_thiess	robert_taylor_actor
emperor_zhao_of_han	grand_empress_dowager_shangguan
grand_empress_dowager_shangguan	emperor_zhao_of_han
lt_Crown_Prince_of_DenmarkMary_Crown_Princess_of_Denmarkgt	frederik
lt_Grand_Duke_of_LuxembourgPrincess_JoséphineCharlotte_of_Belgiumgt	jean
lt_Crown_Prince_of_HanoverPrincess_Thyra_of_Denmarkgt	ernest_augustus
herodias	herod_antipas
aretas_iv_philopatris	herod_antipas
lt_21st_Earl_of_ArundelAlethea_Howard_Countess_of_Arundelgt	thomas_howard
bolesław_iv_the_curly	viacheslava_of_novgorod
viacheslava_of_novgorod	bolesław_iv_the_curly
maria_wife_of_bolesław_iv_the_curly	bolesław_iv_the_curly
mieszko_iii_the_old	elisabeth_of_hungary_11281154
mieszko_iii_the_old	eudoxia_of_kiev
elisabeth_of_hungary_11281154	mieszko_iii_the_old
eudoxia_of_kiev	mieszko_iii_the_old
agustín_fernández_muñoz_duke_of_riansares	maria_christina_of_the_two_sicilies
lt_Duchess_of_BrittanyGuy_of_Thouarsgt	constance
emich_carl_2nd_prince_of_leiningen	princess_victoria_of_saxecoburgsaalfeld
o_j_simpson	nicole_brown_simpson
blanche_of_artois	edmund_crouchback
martin_luther_king_jr	coretta_scott_king
lt_Duke_of_HallandPrincess_Lilian_Duchess_of_Hallandgt	prince_bertil
lt_Duke_of_VästergötlandPrincess_Ingeborg_of_Denmarkgt	prince_carl
lt_Crown_Princess_of_DenmarkFrederik_Crown_Prince_of_Denmarkgt	mary
lt_Grand_Duke_of_LuxembourgInfanta_Marie_Anne_of_Portugalgt	william_iv
lt_Grand_Duchess_of_LuxembourgPrince_Felix_of_BourbonParmagt	charlotte
lt_Crown_Princess_of_GreecePavlos_Crown_Prince_of_Greecegt	mariechantal
lt_Countess_of_PortugalHenry_Count_of_Portugalgt	theresa
drusus_julius_caesar	livilla_sister_of_claudius
princess_sophie_of_bavaria	archduke_franz_karl_of_austria
mutnofret	thutmose_i
abel_of_denmark	matilda_of_holstein
matilda_of_holstein	abel_of_denmark
ramon_berenguer_iv_count_of_barcelona	petronila_of_aragon
barack_obama	michelle_obama
lt_2nd_Viscount_AstorNancy_Astor_Viscountess_Astorgt	waldorf_astor
lt_Crown_Prince_of_BavariaDuchess_Marie_Gabrielle_in_Bavariagt	rupprecht
lt_Duke_of_TeschenPrincess_Isabella_of_Croÿgt	archduke_friedrich
thutmose_iv	mutemwiya
mutemwiya	thutmose_iv
iaret	thutmose_iv
nefertari_18th_dynasty	thutmose_iv
lt_2nd_Earl_of_WorcesterMargaret_Courtenay_Baroness_Herbertgt	henry_somerset
lt_2nd_Earl_of_WorcesterElizabeth_Somerset_Countess_of_Worcester_died_1565gt	henry_somerset
lt_Countess_of_WiltshireThomas_Boleyn_1st_Earl_of_Wiltshiregt	elizabeth_boleyn
lt_Countess_of_FrederiksborgPrince_Joachim_of_Denmarkgt	alexandra
john_vi_of_portugal	carlota_of_spain
abhishek_bachchan	aishwarya_rai
aishwarya_rai	abhishek_bachchan
zooey_deschanel	ben_gibbard
lara_stone	david_walliams
inge_müller	heiner_müller
dimitri_marick	erica_kane
dimitri_marick	gloria_marsh
jackson_montgomery	erica_kane
lt_Count_of_PortugalTheresa_Countess_of_Portugalgt	henry
savitribai_phule	jyotirao_phule
anna_lee	robert_stevenson_director
anna_lee	robert_nathan
robert_stevenson_director	anna_lee
robert_nathan	anna_lee
william_marshal_2nd_earl_of_pembroke	eleanor_of_leicester
philipp_landgrave_of_hesse	princess_mafalda_of_savoy
ernest_augustus_crown_prince_of_hanover	princess_thyra_of_denmark
blair_cramer	todd_manning
edmund_grey	brooke_english
princess_ragnhild_of_norway	erling_s_lorentzen
paul_auster	siri_hustvedt
magnus_iv_of_sweden	blanche_of_namur
lt_Duchess_of_HallandPrince_Bertil_Duke_of_Hallandgt	princess_lilian
vajiralongkorn	soamsavali_kitiyakara
soamsavali_kitiyakara	vajiralongkorn
vratislaus_ii_of_bohemia	ltŚwiętosława_of_Polandgt
ltŚwiętosława_of_Polandgt	vratislaus_ii_of_bohemia
hillard_elkins	claire_bloom
frederick_kagan	kimberly_kagan
kimberly_kagan	frederick_kagan
philip_ii_of_spain	elisabeth_of_valois
lt_Duchess_of_SavoyJohn_Prince_of_Asturiasgt	margaret_of_austria
francis_i_of_france	eleanor_of_austria
francis_i_of_france	claude_of_france
lt_Countess_of_SomersetRobert_Devereux_3rd_Earl_of_Essexgt	frances_carr
lt_Countess_of_SomersetRobert_Carr_1st_Earl_of_Somersetgt	frances_carr
charlotte_grand_duchess_of_luxembourg	prince_felix_of_bourbonparma
ferdinand_i_of_bulgaria	princess_marie_louise_of_parma
maria_zofia_sieniawska	august_aleksander_czartoryski
lt_Queen_of_FrancePhilip_III_of_Francegt	marie_of_brabant
john_lennon	cynthia_lennon
ferdinand_i_of_aragon	eleanor_of_alburquerque
eleanor_of_alburquerque	ferdinand_i_of_aragon
prince_hassan_bin_talal	princess_sarvath_el_hassan
princess_sarvath_el_hassan	prince_hassan_bin_talal
albert_i_of_belgium	elisabeth_of_bavaria_18761965
henry_i_of_navarre	blanche_of_artois
eleanor_de_clare	hugh_despenser_the_younger
steve_carell	nancy_carell
nancy_carell	steve_carell
władysław_iv_vasa	cecilia_renata_of_austria
władysław_iv_vasa	marie_louise_gonzaga
lt_Duke_of_BavariaRenata_of_Lorrainegt	william_v
lt_Duke_of_ParmaMaria_dEstegt	ranuccio_ii_farnese
duathathorhenuttawy	pinedjem_i
carlos_thompson	lilli_palmer
lt_Elector_of_BavariaMaria_Anna_Sophia_of_Saxonygt	maximilian_iii_joseph
sophia_magdalena_of_denmark	gustav_iii_of_sweden
gustav_iii_of_sweden	sophia_magdalena_of_denmark
jr_chandler	babe_carey
jr_chandler	marissa_tasker
mahidol_adulyadej	srinagarindra
srinagarindra	mahidol_adulyadej
fulk_iv_count_of_anjou	bertrade_de_montfort
saif_ali_khan	amrita_singh
amrita_singh	saif_ali_khan
lt_Countess_of_BoulogneAfonso_III_of_Portugalgt	matilda_ii
lt_Elector_of_SaxonyMagdalene_Sibylle_of_Prussiagt	john_george_i
jane_randolph_jefferson	peter_jefferson
ethan_winthrop	gwen_winthrop
ethan_winthrop	theresa_lopezfitzgerald_crane
fox_crane	kay_bennett
kay_bennett	fox_crane
kay_bennett	miguel_lopezfitzgerald
borena_of_alania	bagrat_iv_of_georgia
lt_Queen_of_PortugalJohn_III_of_Portugalgt	catherine_of_austria
lt_Grand_Duke_of_BadenPrincess_Sophie_of_Swedengt	leopold
lt_Queen_of_ArmeniaHethum_I_King_of_Armeniagt	isabella
lt_Queen_of_ArmeniaPhilip_of_Antiochgt	isabella
david_foster	linda_thompson_actress
emeric_of_hungary	constance_of_aragon
constance_of_aragon	emeric_of_hungary
lt_Crown_Prince_of_GreeceMarieChantal_Crown_Princess_of_Greecegt	pavlos
francis_i_duke_of_lorraine	christina_of_denmark
francesco_ii_sforza	christina_of_denmark
michiel_vos	alexandra_pelosi
lt_2nd_Duchess_of_HernaniCarlos_Zurita_Duke_of_Soriagt	infanta_margarita
nicholas_i_of_russia	alexandra_feodorovna_charlotte_of_prussia
jonathan_randall	lizzie_spaulding
prince_mikasa	princess_mikasa
princess_mikasa	prince_mikasa
francis_iv_duke_of_modena	maria_beatrice_of_savoy
jessica_bennett	spike_lester
spike_lester	jessica_bennett
johann_of_brandenburgansbach	germaine_of_foix
meir_zarchi	camille_keaton
leopold_v_archduke_of_austria	claudia_de_medici
ahhotep_i	seqenenre_tao_ii
sitdjehuti	seqenenre_tao_ii
lt_Duchess_of_SavoyCharles_III_Duke_of_Savoygt	beatrice_of_portugal
grand_duchess_alexandra_georgievna_of_russia	grand_duke_paul_alexandrovich_of_russia
grand_duke_paul_alexandrovich_of_russia	grand_duchess_alexandra_georgievna_of_russia
grand_duke_paul_alexandrovich_of_russia	princess_olga_paley
lt_Prince_of_MonacoMariaCaterina_di_BrignoleSalegt	honoré_iii
theresa_lopezfitzgerald_crane	ethan_winthrop
miguel_lopezfitzgerald	kay_bennett
carlo_buonaparte	letizia_ramolino
pilar_lopezfitzgerald	martin_fitzgerald_passions_character
peter_barlow_coronation_street	shelley_unwin
anton_chekhov	olga_knipper
lt_Duke_of_LorraineMarie_Jeanne_of_Savoygt	charles_v
susanna_clarke	colin_greenland
lt_Duchess_of_TeschenPrince_Albert_of_Saxony_Duke_of_Teschengt	maria_christina
john_of_gaunt_1st_duke_of_lancaster	blanche_of_lancaster
lt_Princess_Imperial_of_BrazilPrince_Louis_Count_of_Aquilagt	januária_maria
george_of_saxony	infanta_maria_anna_of_portugal_18431884
leopold_prince_of_hohenzollern	infanta_antónia_of_portugal
lt_Empress_Sheng_XianYongzheng_Emperorgt	niuhuru
warren_cowan	barbara_rush
grand_duke_michael_nikolaevich_of_russia	olga_feodorovna_of_baden
olga_feodorovna_of_baden	grand_duke_michael_nikolaevich_of_russia
ferdinand_iii_holy_roman_emperor	maria_ana_of_austria
charles_ix_of_france	elisabeth_of_austria_15541592
lt_Margrave_of_MeissenMatilde_of_Bavariagt	frederick_ii
lt_Grand_Duke_of_SaxeWeimarEisenachGrand_Duchess_Maria_Pavlovna_of_Russia_17861859gt	charles_frederick
marissa_tasker	jr_chandler
lt_Landgrave_of_HessePrincess_Mafalda_of_Savoygt	philipp
kambri_crews	christian_finnegan
ryan_atwood	lindsay_gardner
ryan_atwood	theresa_diaz
count_jefferson_von_pfeil_und_kleinellguth	princess_alexandra_of_saynwittgensteinberleburg
natalie_buchanan	mitch_laurence
natalie_buchanan	cristian_vega
natalie_buchanan	jared_banks
cristian_vega	natalie_buchanan
jared_banks	natalie_buchanan
lt_Duke_of_San_JaimeInfanta_Maria_das_Neves_of_Portugalgt	infante_alfonso_carlos
salvador_moncada	princess_marieesméralda_of_belgium
augustus_grand_duke_of_oldenburg	princess_cecilia_of_sweden_18071844
albert_i_of_germany	elisabeth_of_goriziatyrol
lt_Dauphine_of_FranceLouis_XI_of_Francegt	margaret_stewart
jessica_buchanan	antonio_vega
jessica_buchanan	nash_brennan
antonio_vega	jessica_buchanan
nash_brennan	jessica_buchanan
madeleine_de_bourbon	prince_xavier_of_bourbonparma
kim_timmins	janelle_timmins
lt_Queen_of_CastileJohn_II_of_Castilegt	isabella_of_portugal
lt_Princess_of_Asturias_14701498Afonso_Prince_of_Portugalgt	isabella
lt_Countess_of_SurreyThomas_Howard_3rd_Duke_of_Norfolkgt	anne_of_york
lt_Queen_of_ScotsAlexander_II_of_Scotlandgt	joan_of_england
charles_frederick_grand_duke_of_saxeweimareisenach	grand_duchess_maria_pavlovna_of_russia_17861859
david_hayward	krystal_carey
lt_Princess_of_Asturias_18511931Prince_Gaetan_Count_of_Girgentigt	isabella
frederick_louis_hereditary_grand_duke_of_mecklenburgschwerin	grand_duchess_elena_pavlovna_of_russia
princess_margaret_of_denmark	prince_rené_of_bourbonparma
prince_rené_of_bourbonparma	princess_margaret_of_denmark
william_iv_grand_duke_of_luxembourg	infanta_marie_anne_of_portugal
princess_margaretha_of_saxony	archduke_karl_ludwig_of_austria
lt_Landgrave_of_HesseDarmstadtElisabeth_Dorothea_of_SaxeGothaAltenburggt	louis_vi
leopold_grand_duke_of_baden	princess_sophie_of_sweden
ryan_lavery	annie_lavery
prince_pedro_henrique_of_orléansbraganza	princess_maria_elisabeth_of_bavaria
princess_maria_elisabeth_of_bavaria	prince_pedro_henrique_of_orléansbraganza
rupprecht_crown_prince_of_bavaria	princess_antonia_of_luxembourg
rupprecht_crown_prince_of_bavaria	duchess_marie_gabrielle_in_bavaria
mike_baldwin_coronation_street	susan_barlow
charles_v_holy_roman_emperor	isabella_of_portugal
ben_davidson_one_life_to_live	skye_chandler
frederik_pohl	leslie_perri
robert_fisk	lara_marlowe
lt_Duchess_of_LuccaLouis_of_Etruriagt	maria_luisa_of_spain
lt_Holy_Roman_EmpressMaximilian_II_Holy_Roman_Emperorgt	maria_of_austria
lt_Empress_He_RuiJiaqing_Emperorgt	niuhuru
lt_Empress_Shu_RuiJiaqing_Emperorgt	hitara
lt_Prince_of_HohenzollernInfanta_Antónia_of_Portugalgt	leopold
lt_Empress_Jing_XianYongzheng_Emperorgt	ulanara
pons_of_tripoli	cecile_of_france
raja_nazrin_shah	zara_salim_davidson
zara_salim_davidson	raja_nazrin_shah
kelly_cramer	kevin_buchanan
kelly_cramer	joey_buchanan
kevin_buchanan	kelly_cramer
kevin_buchanan	cramer_family
joey_buchanan	jennifer_rappaport
joey_buchanan	kelly_cramer
charles_emmanuel_ii_duke_of_savoy	marie_jeanne_of_savoy
charles_emmanuel_ii_duke_of_savoy	françoise_madeleine_dorléans
charles_louis_hereditary_prince_of_baden	landgravine_amalie_of_hessedarmstadt
prince_harald_of_denmark	princess_helena_adelaide_of_schleswigholsteinsonderburgglücksburg
princess_helena_adelaide_of_schleswigholsteinsonderburgglücksburg	prince_harald_of_denmark
lt_Grand_Duke_of_MecklenburgGrand_Duchess_Anastasia_Mikhailovna_of_Russiagt	frederick_francis_iii
lt_Queen_of_AragonPeter_III_of_Aragongt	constance_of_sicily
pedro_ii_of_brazil	theresa_christina_of_the_two_sicilies
lt_Duke_of_CalabriaPrincess_Maria_Ludwiga_Theresia_of_Bavariagt	prince_ferdinand_pius
lt_Queen_of_FranceCharles_IV_of_Francegt	marie_of_luxembourg
alessandro_torlonia_5th_prince_di_civitellacesi	infanta_beatriz_of_spain
ray_gardner_all_my_children	opal_cortlandt
mateo_santos	hayley_vaughan
grand_duke_vladimir_alexandrovich_of_russia	duchess_marie_of_mecklenburgschwerin
lt_Duke_of_CastroCountess_Maria_Carolina_Zamoyskagt	prince_ranieri
lt_Duke_of_CastroPrincess_Camilla_Duchess_of_Castrogt	prince_carlo
lt_2nd_Prince_of_LeiningenPrincess_Victoria_of_SaxeCoburgSaalfeldgt	emich_carl
joe_martin_all_my_children	ruth_martin_all_my_children
tina_lord	david_vickers
tina_lord	cord_roberts
cord_roberts	tina_lord
lt_Grand_Duke_of_MecklenburgPrincess_Elisabeth_of_Anhaltgt	adolphus_frederick_v
lt_Viscount_of_NarbonneMarie_of_Orléans_14571493gt	john_of_foix
afonso_iii_of_portugal	beatrice_of_castile_12421303
prince_ludwig_ferdinand_of_bavaria	infanta_maría_de_la_paz_of_spain
alfonso_iv_deste_duke_of_modena	laura_martinozzi
lt_Prince_of_HohenzollernPrincess_Adelgunde_of_Bavaria_18701958gt	william
frederick_christian_elector_of_saxony	maria_antonia_walpurgis_of_bavaria
lt_Queen_of_the_Two_SiciliesFerdinand_II_of_the_Two_Siciliesgt	maria_theresa_of_austria
lt_Duke_of_NassauPrincess_Louise_of_SaxeHildburghausengt	william
cedric_daniels	rhonda_pearlman
ansgar_von_lahnstein	nathalie_käppler
ansgar_von_lahnstein	tanja_von_lahnstein
nathalie_käppler	ansgar_von_lahnstein
leonard_von_lahnstein	cécile_de_maron
archduke_charles_stephen_of_austria	archduchess_maria_theresa_of_austria_18621933
archduchess_maria_theresa_of_austria_18621933	archduke_charles_stephen_of_austria
groucho_marx	eden_hartford
maximilian_iii_joseph_elector_of_bavaria	maria_anna_sophia_of_saxony
lt_Duke_of_ModenaLaura_Martinozzigt	alfonso_iv_deste
sigvard_bernadotte	countess_marianne_bernadotte_of_wisborg
archduke_joseph_palatine_of_hungary	grand_duchess_alexandra_pavlovna_of_russia
archduke_joseph_palatine_of_hungary	princess_hermine_of_anhaltbernburgschaumburghoym
archduke_joseph_palatine_of_hungary	duchess_maria_dorothea_of_württemberg
grand_duke_alexei_alexandrovich_of_russia	alexandra_zhukovskaya
ranuccio_ii_farnese_duke_of_parma	isabella_deste_16351666
ranuccio_ii_farnese_duke_of_parma	maria_deste
prince_philippe_count_of_paris	princess_marie_isabelle_of_orléans
duke_karltheodor_in_bavaria	princess_sophie_of_saxony
princess_sophie_of_saxony	duke_karltheodor_in_bavaria
richard_1st_earl_of_cornwall	isabel_marshal
charles_iii_duke_of_parma	louise_marie_thérèse_dartois
wenceslaus_i_of_bohemia	kunigunde_of_hohenstaufen
prince_paul_of_württemberg	princess_charlotte_of_saxehildburghausen
princess_charlotte_of_saxehildburghausen	prince_paul_of_württemberg
joseph_duke_of_saxealtenburg	duchess_amelia_of_württemberg
eric_xii_of_sweden	beatrice_of_bavaria
archduke_friedrich_duke_of_teschen	princess_isabella_of_croÿ
princess_irmingard_of_bavaria	prince_ludwig_of_bavaria_19132008
lt_Queen_of_HungaryAndrew_II_of_Hungarygt	beatrice_deste
lt_Duchess_of_CastroPrince_Carlo_Duke_of_Castrogt	princess_camilla
lt_7th_Baroness_HaringtonThomas_Grey_1st_Marquess_of_Dorsetgt	cecily_bonville
prince_muhammad_bin_talal	princess_firyal_of_jordan
princess_firyal_of_jordan	prince_muhammad_bin_talal
jacques_lacan	sylvia_bataille
lt_Duchess_of_Somerset_15991674William_Seymour_2nd_Duke_of_Somersetgt	frances_seymour
john_of_foix_viscount_of_narbonne	marie_of_orléans_14571493
lt_Duchess_of_NorfolkThomas_Howard_3rd_Duke_of_Norfolkgt	elizabeth_howard
aslaug_vaa	ola_raknes
ernst_florian_winter	johanna_von_trapp
lt_Countess_of_HerefordHumphrey_de_Bohun_7th_Earl_of_Herefordgt	joan_de_bohun
lt_Count_of_TrapaniArchduchess_Maria_Isabella_of_Austriagt	prince_francis
prince_francis_count_of_trapani	archduchess_maria_isabella_of_austria
lt_Count_of_AquilaJanuária_Maria_Princess_Imperial_of_Brazilgt	prince_louis
prince_ferdinand_pius_duke_of_calabria	princess_maria_ludwiga_theresia_of_bavaria
lt_Count_of_GirgentiIsabella_Princess_of_Asturias_18511931gt	prince_gaetan
prince_ranieri_duke_of_castro	countess_maria_carolina_zamoyska
infante_carlos_count_of_montemolin	princess_maria_carolina_of_bourbontwo_sicilies_18201861
eleanor_margaret_green	count_viggo_of_rosenborg
lt_Duke_of_SoriaInfanta_Margarita_2nd_Duchess_of_Hernanigt	carlos_zurita
lt_Duchess_of_PomeraniaBogislaw_V_Duke_of_Pomeraniagt	elisabeth_of_poland
charles_martel_of_anjou	clementia_of_habsburg
lt_Countess_of_ArundelRichard_FitzAlan_10th_Earl_of_Arundelgt	isabel_le_despenser
william_prince_of_hohenzollern	princess_adelgunde_of_bavaria_18701958
prince_bernhard_of_saxeweimareisenach	princess_ida_of_saxemeiningen
charles_i_of_hungary	beatrice_of_luxembourg
louis_joseph_duke_of_guise	ltÉlisabeth_Marguerite_dOrléansgt
luitpold_prince_regent_of_bavaria	archduchess_auguste_ferdinande_of_austria
lt_Prince_of_HohenzollernSigmaringenMarie_Antoinette_Muratgt	charles
christopher_ii_of_denmark	euphemia_of_pomerania
lt_Countess_of_ToulouseRaymond_V_Count_of_Toulousegt	constance_of_france
frederick_ii_margrave_of_meissen	matilde_of_bavaria
lt_Countess_of_KentThomas_Holland_2nd_Earl_of_Kentgt	alice_holland
honoré_iii_prince_of_monaco	mariacaterina_di_brignolesale
ferdinand_iv_grand_duke_of_tuscany	princess_anna_of_saxony_18361859
lt_Countess_of_SoissonsThomas_Francis_Prince_of_Carignangt	marie_de_bourbon
prince_leopold_count_of_syracuse	princess_maria_vittoria_of_savoy
constantine_hereditary_prince_of_löwensteinwertheimrosenberg	princess_agnes_of_hohenlohelangenburg
rick_bauer	mindy_lewis
william_duke_of_nassau	princess_louise_of_saxehildburghausen
charles_prince_of_hohenzollernsigmaringen	marie_antoinette_murat
jean_grand_duke_of_luxembourg	princess_joséphinecharlotte_of_belgium
philip_duke_of_parma	princess_louise_élisabeth_of_france
matilda_of_frisia	henry_i_of_france
ernest_frederick_iii_duke_of_saxehildburghausen	princess_louise_of_denmark_17261756
william_de_warenne_6th_earl_of_surrey	maud_marshal
hugh_bigod_3rd_earl_of_norfolk	maud_marshal
lt_Countess_of_WarwickWilliam_de_Beauchamp_9th_Earl_of_Warwickgt	maud_fitzjohn
lt_Prince_Elect_of_DenmarkMagdalene_Sibylle_of_Saxonygt	christian
lt_Duke_of_ChablaisPrincess_Maria_Ana_of_Savoygt	benedetto
princess_barbara_of_prussia	duke_christian_louis_of_mecklenburg
francis_norris_1st_earl_of_berkshire	bridget_de_vere
archduke_gottfried_of_austria	princess_dorothea_of_bavaria
princess_dorothea_of_bavaria	archduke_gottfried_of_austria
benedetto_duke_of_chablais	princess_maria_ana_of_savoy
rinaldo_deste_duke_of_modena	duchess_charlotte_of_brunswicklüneburg
prince_philip_of_bourbontwo_sicilies	princess_marie_louise_of_orléans_18961973
somerset_de_chair	lady_juliet_tadgell
louis_vi_landgrave_of_hessedarmstadt	elisabeth_dorothea_of_saxegothaaltenburg
lt_Holy_Roman_EmperorConstance_of_Sicilygt	henry_vi
lt_Countess_of_MontgomeryPhilip_Herbert_4th_Earl_of_Pembrokegt	susan_de_vere
